doc_id	sent_id	token_id	token	lemma	pos	tag	dep	head_id	ner
wn-0000	0	0	Colin	Colin	PROPN	NNP	compound	2	B-PERSON
wn-0000	0	1	A.	A.	PROPN	NNP	compound	2	I-PERSON
wn-0000	0	2	Norman	Norman	PROPN	NNP	nsubj	27	I-PERSON
wn-0000	0	3	,	,	PUNCT	,	punct	2	O
wn-0000	0	4	Professor	Professor	PROPN	NNP	appos	2	O
wn-0000	0	5	of	of	ADP	IN	prep	4	O
wn-0000	0	6	Physics	Physics	PROPN	NNP	pobj	5	B-ORG
wn-0000	0	7	and	and	CCONJ	CC	cc	6	O
wn-0000	0	8	Astronomy	Astronomy	PROPN	NNP	conj	6	O
wn-0000	0	9	at	at	ADP	IN	prep	2	O
wn-0000	0	10	Johns	Johns	PROPN	NNP	compound	11	B-ORG
wn-0000	0	11	Hopkins	Hopkins	PROPN	NNP	compound	12	I-ORG
wn-0000	0	12	University	University	PROPN	NNP	pobj	9	I-ORG
wn-0000	0	13	,	,	PUNCT	,	punct	2	O
wn-0000	0	14	testifying	testify	VERB	VBG	acl	2	O
wn-0000	0	15	before	before	ADP	IN	prep	14	O
wn-0000	0	16	the	the	DET	DT	det	18	B-ORG
wn-0000	0	17	U.S.	U.S.	PROPN	NNP	compound	18	I-ORG
wn-0000	0	18	House	House	PROPN	NNP	pobj	15	I-ORG
wn-0000	0	19	of	of	ADP	IN	prep	18	I-ORG
wn-0000	0	20	Representatives	Representatives	PROPN	NNP	compound	21	I-ORG
wn-0000	0	21	Committee	Committee	PROPN	NNP	pobj	19	I-ORG
wn-0000	0	22	on	on	ADP	IN	prep	18	I-ORG
wn-0000	0	23	Science	Science	PROPN	NNP	pobj	22	I-ORG
wn-0000	0	24	February	February	PROPN	NNP	compound	25	B-DATE
wn-0000	0	25	2nd	2nd	NOUN	NN	npadvmod	18	I-DATE
wn-0000	0	26	,	,	PUNCT	,	punct	2	O
wn-0000	0	27	presented	present	VERB	VBD	ROOT	27	O
wn-0000	0	28	the	the	DET	DT	det	31	O
wn-0000	0	29	Hubble	Hubble	PROPN	NNP	compound	30	B-SPACECRAFT
wn-0000	0	30	Origins	Origins	PROPN	NNPS	compound	31	O
wn-0000	0	31	Probe	Probe	PROPN	NNP	dobj	27	O
wn-0000	0	32	(	(	PUNCT	-LRB-	punct	31	O
wn-0000	0	33	HOP	HOP	PROPN	NNP	appos	31	O
wn-0000	0	34	)	)	PUNCT	-RRB-	punct	31	O
wn-0000	0	35	as	as	ADP	IN	prep	27	O
wn-0000	0	36	a	a	DET	DT	det	37	O
wn-0000	0	37	replacement	replacement	NOUN	NN	pobj	35	O
wn-0000	0	38	for	for	ADP	IN	prep	37	O
wn-0000	0	39	the	the	DET	DT	det	42	O
wn-0000	0	40	Hubble	Hubble	PROPN	NNP	compound	42	B-SPACECRAFT
wn-0000	0	41	Space	Space	PROPN	NNP	compound	42	I-SPACECRAFT
wn-0000	0	42	Telescope	Telescope	PROPN	NNP	pobj	38	I-SPACECRAFT
wn-0000	0	43	.	.	PUNCT	.	punct	27	O
wn-0000	1	45	Concerning	concern	VERB	VBG	prep	67	O
wn-0000	1	46	the	the	DET	DT	det	47	O
wn-0000	1	47	shuttle	shuttle	NOUN	NN	poss	53	O
wn-0000	1	48	's	's	PART	POS	case	47	O
wn-0000	1	49	estimated	estimate	VERB	VBN	amod	53	O
wn-0000	1	50	one	one	NUM	CD	compound	51	B-MONEY
wn-0000	1	51	billion	billion	NUM	CD	nummod	52	I-MONEY
wn-0000	1	52	dollar	dollar	NOUN	NN	compound	53	I-MONEY
wn-0000	1	53	cost	cost	NOUN	NN	pobj	45	O
wn-0000	1	54	and	and	CCONJ	CC	cc	53	O
wn-0000	1	55	65	65	NUM	CD	nummod	56	B-DATE
wn-0000	1	56	month	month	NOUN	NN	compound	59	I-DATE
wn-0000	1	57	time	time	NOUN	NN	compound	59	O
wn-0000	1	58	-	-	PUNCT	HYPH	punct	59	O
wn-0000	1	59	frame	frame	NOUN	NN	conj	53	O
wn-0000	1	60	for	for	ADP	IN	prep	59	O
wn-0000	1	61	deployment	deployment	NOUN	NN	pobj	60	O
wn-0000	1	62	to	to	ADP	IN	prep	61	O
wn-0000	1	63	earth	earth	NOUN	NN	compound	64	O
wn-0000	1	64	orbit	orbit	NOUN	NN	pobj	62	O
wn-0000	1	65	,	,	PUNCT	,	punct	67	O
wn-0000	1	66	Norman	Norman	PROPN	NNP	nsubj	67	B-PERSON
wn-0000	1	67	said	say	VERB	VBD	ROOT	67	O
wn-0000	1	68	:	:	PUNCT	:	punct	67	O
wn-0000	1	69	""""	""""	PUNCT	``	punct	67	O
wn-0000	1	70	The	the	DET	DT	det	72	O
wn-0000	1	71	groundbreaking	groundbreaking	NOUN	NN	compound	72	O
wn-0000	1	72	science	science	NOUN	NN	nsubj	108	O
wn-0000	1	73	,	,	PUNCT	,	punct	72	O
wn-0000	1	74	the	the	DET	DT	det	77	O
wn-0000	1	75	cutting	cutting	NOUN	NN	compound	76	O
wn-0000	1	76	edge	edge	NOUN	NN	compound	77	O
wn-0000	1	77	technology	technology	NOUN	NN	appos	72	O
wn-0000	1	78	generated	generate	VERB	VBN	acl	77	O
wn-0000	1	79	in	in	ADP	IN	prep	78	O
wn-0000	1	80	the	the	DET	DT	det	81	O
wn-0000	1	81	development	development	NOUN	NN	pobj	79	O
wn-0000	1	82	of	of	ADP	IN	prep	81	O
wn-0000	1	83	new	new	ADJ	JJ	amod	84	O
wn-0000	1	84	instrumentation	instrumentation	NOUN	NN	pobj	82	O
wn-0000	1	85	,	,	PUNCT	,	punct	72	O
wn-0000	1	86	the	the	DET	DT	det	87	O
wn-0000	1	87	ability	ability	NOUN	NN	appos	72	O
wn-0000	1	88	of	of	ADP	IN	prep	87	O
wn-0000	1	89	Hubble	Hubble	PROPN	NNP	compound	90	B-SPACECRAFT
wn-0000	1	90	science	science	NOUN	NN	pobj	88	O
wn-0000	1	91	to	to	PART	TO	aux	92	O
wn-0000	1	92	engage	engage	VERB	VB	acl	87	O
wn-0000	1	93	the	the	DET	DT	det	94	O
wn-0000	1	94	interest	interest	NOUN	NN	dobj	92	O
wn-0000	1	95	of	of	ADP	IN	prep	94	O
wn-0000	1	96	the	the	DET	DT	det	97	O
wn-0000	1	97	public	public	NOUN	NN	pobj	95	O
wn-0000	1	98	,	,	PUNCT	,	punct	87	O
wn-0000	1	99	and	and	CCONJ	CC	cc	87	O
wn-0000	1	100	its	its	PRON	PRP$	poss	101	O
wn-0000	1	101	impact	impact	NOUN	NN	conj	87	O
wn-0000	1	102	on	on	ADP	IN	prep	101	O
wn-0000	1	103	the	the	DET	DT	det	104	O
wn-0000	1	104	imagination	imagination	NOUN	NN	pobj	102	O
wn-0000	1	105	of	of	ADP	IN	prep	104	O
wn-0000	1	106	students	student	NOUN	NNS	pobj	105	O
wn-0000	1	107	,	,	PUNCT	,	punct	72	O
wn-0000	1	108	make	make	VERB	VB	ccomp	67	O
wn-0000	1	109	it	it	PRON	PRP	nsubj	110	O
wn-0000	1	110	worthwhile	worthwhile	ADJ	JJ	ccomp	108	O
wn-0000	1	111	to	to	PART	TO	aux	112	O
wn-0000	1	112	invest	invest	VERB	VB	advcl	110	O
wn-0000	1	113	this	this	DET	DT	det	114	O
wn-0000	1	114	sum	sum	NOUN	NN	dobj	112	O
wn-0000	1	115	of	of	ADP	IN	prep	114	O
wn-0000	1	116	public	public	ADJ	JJ	amod	117	O
wn-0000	1	117	funds	fund	NOUN	NNS	pobj	115	O
wn-0000	1	118	to	to	PART	TO	aux	119	O
wn-0000	1	119	complete	complete	VERB	VB	advcl	112	O
wn-0000	1	120	the	the	DET	DT	det	122	O
wn-0000	1	121	last	last	ADJ	JJ	amod	122	O
wn-0000	1	122	chapter	chapter	NOUN	NN	dobj	119	O
wn-0000	1	123	of	of	ADP	IN	prep	122	O
wn-0000	1	124	Hubble	Hubble	PROPN	NNP	poss	127	B-SPACECRAFT
wn-0000	1	125	's	's	PART	POS	case	124	O
wn-0000	1	126	remarkable	remarkable	ADJ	JJ	amod	127	O
wn-0000	1	127	legacy	legacy	NOUN	NN	pobj	123	O
wn-0000	1	128	.	.	PUNCT	.	punct	67	O
wn-0000	2	129	""""	""""	PUNCT	''	ROOT	129	O
wn-0000	3	131	HOP	HOP	PROPN	NNP	nsubj	133	O
wn-0000	3	132	will	will	AUX	MD	aux	133	O
wn-0000	3	133	tackle	tackle	VERB	VB	ROOT	133	O
wn-0000	3	134	three	three	NUM	CD	dobj	133	B-CARDINAL
wn-0000	3	135	of	of	ADP	IN	prep	134	O
wn-0000	3	136	the	the	DET	DT	det	140	O
wn-0000	3	137	most	most	ADV	RBS	advmod	138	O
wn-0000	3	138	central	central	ADJ	JJ	amod	140	O
wn-0000	3	139	intellectual	intellectual	ADJ	JJ	amod	140	O
wn-0000	3	140	issues	issue	NOUN	NNS	pobj	135	O
wn-0000	3	141	of	of	ADP	IN	prep	140	O
wn-0000	3	142	our	our	PRON	PRP$	poss	143	O
wn-0000	3	143	age	age	NOUN	NN	pobj	141	O
wn-0000	3	144	;	;	PUNCT	:	punct	133	O
wn-0000	3	145	the	the	DET	DT	det	146	O
wn-0000	3	146	nature	nature	NOUN	NN	conj	133	O
wn-0000	3	147	of	of	ADP	IN	prep	146	O
wn-0000	3	148	dark	dark	ADJ	JJ	amod	149	O
wn-0000	3	149	energy	energy	NOUN	NN	pobj	147	O
wn-0000	3	150	,	,	PUNCT	,	punct	146	O
wn-0000	3	151	the	the	DET	DT	det	152	O
wn-0000	3	152	nature	nature	NOUN	NN	conj	146	O
wn-0000	3	153	and	and	CCONJ	CC	cc	152	O
wn-0000	3	154	distribution	distribution	NOUN	NN	conj	152	O
wn-0000	3	155	of	of	ADP	IN	prep	152	O
wn-0000	3	156	dark	dark	ADJ	JJ	amod	157	O
wn-0000	3	157	matter	matter	NOUN	NN	pobj	155	O
wn-0000	3	158	,	,	PUNCT	,	punct	152	O
wn-0000	3	159	and	and	CCONJ	CC	cc	152	O
wn-0000	3	160	the	the	DET	DT	det	161	O
wn-0000	3	161	prevalence	prevalence	NOUN	NN	conj	152	O
wn-0000	3	162	of	of	ADP	IN	prep	161	O
wn-0000	3	163	planets	planet	NOUN	NNS	pobj	162	O
wn-0000	3	164	,	,	PUNCT	,	punct	161	O
wn-0000	3	165	including	include	VERB	VBG	prep	161	O
wn-0000	3	166	earths	earth	NOUN	NNS	pobj	165	O
wn-0000	3	167	,	,	PUNCT	,	punct	166	O
wn-0000	3	168	around	around	ADP	IN	prep	166	O
wn-0000	3	169	other	other	ADJ	JJ	amod	170	O
wn-0000	3	170	stars	star	NOUN	NNS	pobj	168	O
wn-0000	3	171	.	.	PUNCT	.	punct	133	O
wn-0000	4	173	Norman	Norman	PROPN	NNP	nsubj	174	B-PERSON
wn-0000	4	174	noted	note	VERB	VBD	ROOT	174	O
wn-0000	4	175	during	during	ADP	IN	prep	174	O
wn-0000	4	176	the	the	DET	DT	det	177	O
wn-0000	4	177	testimony	testimony	NOUN	NN	pobj	175	O
wn-0000	4	178	that	that	PRON	WDT	mark	181	O
wn-0000	4	179	HOP	HOP	PROPN	NNP	nsubj	181	O
wn-0000	4	180	would	would	AUX	MD	aux	181	O
wn-0000	4	181	be	be	AUX	VB	ccomp	174	O
wn-0000	4	182	,	,	PUNCT	,	punct	181	O
wn-0000	4	183	essentially	essentially	ADV	RB	advmod	181	O
wn-0000	4	184	,	,	PUNCT	,	punct	195	O
wn-0000	4	185	a	a	DET	DT	det	187	O
wn-0000	4	186	lighter	light	ADJ	JJR	amod	187	O
wn-0000	4	187	copy	copy	NOUN	NN	nsubj	195	O
wn-0000	4	188	of	of	ADP	IN	prep	187	O
wn-0000	4	189	the	the	DET	DT	det	192	O
wn-0000	4	190	Hubble	Hubble	PROPN	NNP	compound	192	B-SPACECRAFT
wn-0000	4	191	Space	Space	PROPN	NNP	compound	192	I-SPACECRAFT
wn-0000	4	192	Telescope	Telescope	PROPN	NNP	pobj	188	I-SPACECRAFT
wn-0000	4	193	and	and	CCONJ	CC	cc	187	O
wn-0000	4	194	would	would	AUX	MD	aux	195	O
wn-0000	4	195	include	include	VERB	VB	ccomp	174	O
wn-0000	4	196	two	two	NUM	CD	nummod	197	B-CARDINAL
wn-0000	4	197	instruments	instrument	NOUN	NNS	dobj	195	O
wn-0000	4	198	that	that	PRON	WDT	nsubjpass	200	O
wn-0000	4	199	were	be	AUX	VBD	auxpass	200	O
wn-0000	4	200	scheduled	schedule	VERB	VBN	relcl	197	O
wn-0000	4	201	for	for	ADP	IN	prep	200	O
wn-0000	4	202	installation	installation	NOUN	NN	pobj	201	O
wn-0000	4	203	on	on	ADP	IN	prep	202	O
wn-0000	4	204	the	the	DET	DT	det	205	O
wn-0000	4	205	Hubble	Hubble	PROPN	NNP	pobj	203	B-SPACECRAFT
wn-0000	4	206	:	:	PUNCT	:	punct	197	O
wn-0000	4	207	the	the	DET	DT	det	210	O
wn-0000	4	208	Cosmic	Cosmic	PROPN	NNP	compound	209	O
wn-0000	4	209	Origins	Origins	PROPN	NNP	compound	210	O
wn-0000	4	210	Spectrograph	Spectrograph	PROPN	NNP	appos	197	O
wn-0000	4	211	(	(	PUNCT	-LRB-	punct	210	O
wn-0000	4	212	COS	COS	PROPN	NNP	appos	210	O
wn-0000	4	213	)	)	PUNCT	-RRB-	punct	210	O
wn-0000	4	214	,	,	PUNCT	,	punct	210	O
wn-0000	4	215	the	the	DET	DT	det	218	B-ORG
wn-0000	4	216	Wide	Wide	PROPN	NNP	amod	217	I-ORG
wn-0000	4	217	Field	field	NOUN	NN	nmod	218	I-ORG
wn-0000	4	218	Camera	Camera	PROPN	NNP	appos	210	I-ORG
wn-0000	4	219	3	3	NUM	CD	nummod	218	I-ORG
wn-0000	4	220	(	(	PUNCT	-LRB-	punct	218	O
wn-0000	4	221	WFC3	WFC3	PROPN	NNP	appos	218	O
wn-0000	4	222	)	)	PUNCT	-RRB-	punct	218	O
wn-0000	4	223	,	,	PUNCT	,	punct	210	O
wn-0000	4	224	plus	plus	CCONJ	CC	cc	210	O
wn-0000	4	225	the	the	DET	DT	det	230	O
wn-0000	4	226	new	new	ADJ	JJ	amod	230	O
wn-0000	4	227	Very	very	ADV	RB	advmod	228	O
wn-0000	4	228	Wide	Wide	PROPN	NNP	amod	229	O
wn-0000	4	229	Field	field	NOUN	NN	compound	230	O
wn-0000	4	230	Imager	Imager	PROPN	NNP	conj	210	O
wn-0000	4	231	(	(	PUNCT	-LRB-	punct	230	O
wn-0000	4	232	VWFI	VWFI	PROPN	NNP	appos	230	B-ORG
wn-0000	4	233	)	)	PUNCT	-RRB-	punct	230	O
wn-0000	4	234	to	to	PART	TO	aux	236	O
wn-0000	4	235	be	be	AUX	VB	auxpass	236	O
wn-0000	4	236	paid	pay	VERB	VBN	relcl	210	O
wn-0000	4	237	for	for	ADP	IN	prep	236	O
wn-0000	4	238	and	and	CCONJ	CC	cc	236	O
wn-0000	4	239	provided	provide	VERB	VBN	conj	236	O
wn-0000	4	240	by	by	ADP	IN	agent	239	O
wn-0000	4	241	Japan	Japan	PROPN	NNP	pobj	240	B-GPE
wn-0000	4	242	.	.	PUNCT	.	punct	174	O
wn-0000	5	244	The	the	DET	DT	det	245	O
wn-0000	5	245	VWFI	VWFI	PROPN	NNP	nsubj	246	B-ORG
wn-0000	5	246	has	have	VERB	VBZ	ROOT	246	O
wn-0000	5	247	a	a	DET	DT	det	248	O
wn-0000	5	248	field	field	NOUN	NN	dobj	246	O
wn-0000	5	249	of	of	ADP	IN	prep	248	O
wn-0000	5	250	view	view	NOUN	NN	pobj	249	O
wn-0000	5	251	17	17	NUM	CD	nummod	252	B-CARDINAL
wn-0000	5	252	times	time	NOUN	NNS	npadvmod	253	O
wn-0000	5	253	greater	great	ADJ	JJR	advcl	246	O
wn-0000	5	254	the	the	DET	DT	det	256	O
wn-0000	5	255	advanced	advanced	ADJ	JJ	amod	256	O
wn-0000	5	256	camera	camera	NOUN	NN	dobj	253	O
wn-0000	5	257	on	on	ADP	IN	prep	256	O
wn-0000	5	258	board	board	NOUN	NN	pobj	257	O
wn-0000	5	259	the	the	DET	DT	det	260	O
wn-0000	5	260	Hubble	Hubble	PROPN	NNP	dobj	258	B-SPACECRAFT
wn-0000	5	261	now	now	ADV	RB	advmod	258	O
wn-0000	5	262	,	,	PUNCT	,	punct	246	O
wn-0000	5	263	and	and	CCONJ	CC	cc	246	O
wn-0000	5	264	is	be	AUX	VBZ	conj	246	O
wn-0000	5	265	3	3	NUM	CD	npadvmod	270	B-CARDINAL
wn-0000	5	266	-	-	SYM	SYM	punct	267	O
wn-0000	5	267	4	4	NUM	CD	prep	265	O
wn-0000	5	268	times	time	NOUN	NNS	quantmod	267	O
wn-0000	5	269	more	more	ADV	RBR	advmod	270	O
wn-0000	5	270	sensitive	sensitive	ADJ	JJ	acomp	264	O
wn-0000	5	271	at	at	ADP	IN	prep	270	O
wn-0000	5	272	critical	critical	ADJ	JJ	amod	273	O
wn-0000	5	273	wavelengths	wavelength	NOUN	NNS	pobj	271	O
wn-0000	5	274	.	.	PUNCT	.	punct	246	O
wn-0000	6	275	This	this	PRON	DT	nsubj	277	O
wn-0000	6	276	will	will	AUX	MD	aux	277	O
wn-0000	6	277	provide	provide	VERB	VB	ROOT	277	O
wn-0000	6	278	for	for	ADP	IN	prep	277	O
wn-0000	6	279	mapping	mapping	NOUN	NN	pobj	278	O
wn-0000	6	280	20	20	NUM	CD	nummod	281	B-CARDINAL
wn-0000	6	281	times	time	NOUN	NNS	npadvmod	282	O
wn-0000	6	282	faster	fast	ADV	RBR	advmod	277	O
wn-0000	6	283	than	than	SCONJ	IN	mark	284	O
wn-0000	6	284	achievable	achievable	ADJ	JJ	advcl	282	O
wn-0000	6	285	by	by	ADP	IN	prep	284	O
wn-0000	6	286	the	the	DET	DT	det	287	O
wn-0000	6	287	Hubble	Hubble	PROPN	NNP	pobj	285	B-SPACECRAFT
wn-0000	6	288	at	at	ADP	IN	prep	284	O
wn-0000	6	289	present	present	NOUN	NN	pobj	288	O
wn-0000	6	290	.	.	PUNCT	.	punct	277	O
wn-0000	7	292	The	the	DET	DT	det	293	O
wn-0000	7	293	COS	COS	PROPN	NNP	nsubj	295	B-ORG
wn-0000	7	294	would	would	AUX	MD	aux	295	O
wn-0000	7	295	make	make	VERB	VB	ROOT	295	O
wn-0000	7	296	possible	possible	ADJ	JJ	acomp	298	O
wn-0000	7	297	the	the	DET	DT	det	298	O
wn-0000	7	298	identification	identification	NOUN	NN	dobj	295	O
wn-0000	7	299	of	of	ADP	IN	prep	298	O
wn-0000	7	300	the	the	DET	DT	det	302	O
wn-0000	7	301	invisible	invisible	ADJ	JJ	amod	302	O
wn-0000	7	302	portion	portion	NOUN	NN	pobj	299	O
wn-0000	7	303	of	of	ADP	IN	prep	302	O
wn-0000	7	304	""""	""""	PUNCT	``	punct	303	O
wn-0000	7	305	ordinary	ordinary	ADJ	JJ	amod	306	O
wn-0000	7	306	matter	matter	NOUN	NN	pobj	303	O
wn-0000	7	307	,	,	PUNCT	,	punct	295	O
wn-0000	7	308	""""	""""	PUNCT	''	punct	295	O
wn-0000	7	309	potentially	potentially	ADV	RB	advmod	310	O
wn-0000	7	310	residing	reside	VERB	VBG	advcl	295	O
wn-0000	7	311	in	in	ADP	IN	prep	310	O
wn-0000	7	312	gigantic	gigantic	ADJ	JJ	amod	314	O
wn-0000	7	313	gas	gas	NOUN	NN	compound	314	O
wn-0000	7	314	clouds	cloud	NOUN	NNS	pobj	311	O
wn-0000	7	315	discovered	discover	VERB	VBN	acl	314	O
wn-0000	7	316	by	by	ADP	IN	agent	315	O
wn-0000	7	317	the	the	DET	DT	det	322	O
wn-0000	7	318	Chandra	Chandra	PROPN	NNP	nmod	319	B-PERSON
wn-0000	7	319	X	X	PROPN	NNP	compound	322	I-PERSON
wn-0000	7	320	-	-	NOUN	NN	compound	322	I-PERSON
wn-0000	7	321	ray	ray	NOUN	NN	compound	322	I-PERSON
wn-0000	7	322	Telescope	Telescope	PROPN	NNP	pobj	316	B-LOC
wn-0000	7	323	.	.	PUNCT	.	punct	295	O
wn-0000	8	325	""""	""""	PUNCT	``	punct	330	O
wn-0000	8	326	The	the	DET	DT	det	327	B-WORK_OF_ART
wn-0000	8	327	WFC3	WFC3	PROPN	NNP	nsubj	330	I-WORK_OF_ART
wn-0000	8	328	has	have	AUX	VBZ	aux	330	O
wn-0000	8	329	greatly	greatly	ADV	RB	advmod	330	O
wn-0000	8	330	enhanced	enhance	VERB	VBN	ROOT	330	O
wn-0000	8	331	power	power	NOUN	NN	dobj	330	O
wn-0000	8	332	for	for	ADP	IN	prep	331	O
wn-0000	8	333	discovery	discovery	NOUN	NN	pobj	332	O
wn-0000	8	334	in	in	ADP	IN	prep	333	O
wn-0000	8	335	the	the	DET	DT	det	336	O
wn-0000	8	336	blue	blue	NOUN	NN	pobj	334	O
wn-0000	8	337	and	and	CCONJ	CC	cc	336	O
wn-0000	8	338	the	the	DET	DT	det	340	O
wn-0000	8	339	red	red	ADJ	JJ	amod	340	O
wn-0000	8	340	region	region	NOUN	NN	conj	336	O
wn-0000	8	341	of	of	ADP	IN	prep	340	O
wn-0000	8	342	the	the	DET	DT	det	343	O
wn-0000	8	343	spectrum	spectrum	NOUN	NN	pobj	341	O
wn-0000	8	344	and	and	CCONJ	CC	cc	330	O
wn-0000	8	345	will	will	AUX	MD	aux	347	O
wn-0000	8	346	significantly	significantly	ADV	RB	advmod	347	O
wn-0000	8	347	enhance	enhance	VERB	VB	conj	330	O
wn-0000	8	348	studies	study	NOUN	NNS	dobj	347	O
wn-0000	8	349	of	of	ADP	IN	prep	348	O
wn-0000	8	350	galaxies	galaxy	NOUN	NNS	pobj	349	O
wn-0000	8	351	and	and	CCONJ	CC	cc	350	O
wn-0000	8	352	stars	star	NOUN	NNS	conj	350	O
wn-0000	8	353	.	.	PUNCT	.	punct	330	O
wn-0000	9	354	Its	its	PRON	PRP$	poss	356	O
wn-0000	9	355	infrared	infrared	ADJ	JJ	amod	356	O
wn-0000	9	356	capability	capability	NOUN	NN	nsubj	357	O
wn-0000	9	357	is	be	AUX	VBZ	ccomp	367	O
wn-0000	9	358	essential	essential	ADJ	JJ	acomp	357	O
wn-0000	9	359	to	to	ADP	IN	prep	358	O
wn-0000	9	360	studies	study	NOUN	NNS	pobj	359	O
wn-0000	9	361	of	of	ADP	IN	prep	360	O
wn-0000	9	362	dark	dark	ADJ	JJ	amod	363	O
wn-0000	9	363	energy	energy	NOUN	NN	pobj	361	O
wn-0000	9	364	,	,	PUNCT	,	punct	367	O
wn-0000	9	365	""""	""""	PUNCT	''	punct	367	O
wn-0000	9	366	Norman	Norman	PROPN	NNP	nsubj	367	B-PERSON
wn-0000	9	367	added	add	VERB	VBD	ROOT	367	O
wn-0000	9	368	.	.	PUNCT	.	punct	367	O
wn-0000	10	370	""""	""""	PUNCT	``	punct	373	O
wn-0000	10	371	The	the	DET	DT	det	372	O
wn-0000	10	372	decision	decision	NOUN	NN	nsubj	373	O
wn-0000	10	373	is	be	AUX	VBZ	ROOT	373	O
wn-0000	10	374	obvious	obvious	ADJ	JJ	acomp	373	O
wn-0000	10	375	.	.	PUNCT	.	punct	373	O
wn-0000	11	376	We	we	PRON	PRP	nsubj	378	O
wn-0000	11	377	must	must	AUX	MD	aux	378	O
wn-0000	11	378	continue	continue	VERB	VB	ROOT	378	O
wn-0000	11	379	with	with	ADP	IN	prep	378	O
wn-0000	11	380	the	the	DET	DT	det	382	O
wn-0000	11	381	Hubble	Hubble	PROPN	NNP	compound	382	B-SPACECRAFT
wn-0000	11	382	adventure	adventure	NOUN	NN	pobj	379	O
wn-0000	11	383	to	to	PART	TO	aux	384	O
wn-0000	11	384	explore	explore	VERB	VB	advcl	378	O
wn-0000	11	385	these	these	DET	DT	det	387	O
wn-0000	11	386	great	great	ADJ	JJ	amod	387	O
wn-0000	11	387	questions	question	NOUN	NNS	dobj	384	O
wn-0000	11	388	further	far	ADV	RB	advmod	384	O
wn-0000	11	389	,	,	PUNCT	,	punct	384	O
wn-0000	11	390	to	to	PART	TO	aux	391	O
wn-0000	11	391	understand	understand	VERB	VB	xcomp	378	O
wn-0000	11	392	more	more	ADV	RBR	advmod	393	O
wn-0000	11	393	fully	fully	ADV	RB	advmod	396	O
wn-0000	11	394	our	our	PRON	PRP$	poss	396	O
wn-0000	11	395	remarkable	remarkable	ADJ	JJ	amod	396	O
wn-0000	11	396	Universe	Universe	PROPN	NNP	dobj	391	B-PERSON
wn-0000	11	397	and	and	CCONJ	CC	cc	396	O
wn-0000	11	398	our	our	PRON	PRP$	poss	399	O
wn-0000	11	399	place	place	NOUN	NN	conj	396	O
wn-0000	11	400	in	in	ADP	IN	prep	399	O
wn-0000	11	401	it	it	PRON	PRP	pobj	400	O
wn-0000	11	402	.	.	PUNCT	.	punct	378	O
wn-0000	12	403	We	we	PRON	PRP	nsubj	405	O
wn-0000	12	404	must	must	AUX	MD	aux	405	O
wn-0000	12	405	do	do	VERB	VB	ccomp	430	O
wn-0000	12	406	this	this	PRON	DT	dobj	405	O
wn-0000	12	407	with	with	ADP	IN	prep	405	O
wn-0000	12	408	intense	intense	ADJ	JJ	amod	409	O
wn-0000	12	409	determination	determination	NOUN	NN	pobj	407	O
wn-0000	12	410	and	and	CCONJ	CC	cc	409	O
wn-0000	12	411	energy	energy	NOUN	NN	conj	409	O
wn-0000	12	412	and	and	CCONJ	CC	cc	405	O
wn-0000	12	413	thus	thus	ADV	RB	advmod	414	O
wn-0000	12	414	continue	continue	VERB	VBP	conj	405	O
wn-0000	12	415	to	to	PART	TO	aux	416	O
wn-0000	12	416	inspire	inspire	VERB	VB	xcomp	414	O
wn-0000	12	417	new	new	ADJ	JJ	amod	418	O
wn-0000	12	418	generations	generation	NOUN	NNS	dobj	416	O
wn-0000	12	419	with	with	ADP	IN	prep	416	O
wn-0000	12	420	the	the	DET	DT	det	421	O
wn-0000	12	421	wonder	wonder	NOUN	NN	pobj	419	O
wn-0000	12	422	and	and	CCONJ	CC	cc	421	O
wn-0000	12	423	thrill	thrill	NOUN	NN	conj	421	O
wn-0000	12	424	of	of	ADP	IN	prep	421	O
wn-0000	12	425	exploration	exploration	NOUN	NN	pobj	424	O
wn-0000	12	426	and	and	CCONJ	CC	cc	425	O
wn-0000	12	427	discovery	discovery	NOUN	NN	conj	425	O
wn-0000	12	428	,	,	PUNCT	,	punct	430	O
wn-0000	12	429	""""	""""	PUNCT	''	punct	430	O
wn-0000	12	430	concluded	conclude	VERB	VBD	ROOT	430	O
wn-0000	12	431	Norman	Norman	PROPN	NNP	nsubj	430	B-PERSON
wn-0000	12	432	.	.	PUNCT	.	punct	430	O
wn-0000	13	434	Colin	Colin	PROPN	NNP	compound	435	B-PERSON
wn-0000	13	435	Norman	Norman	PROPN	NNP	nsubjpass	437	I-PERSON
wn-0000	13	436	was	be	AUX	VBD	auxpass	437	O
wn-0000	13	437	educated	educate	VERB	VBN	ROOT	437	O
wn-0000	13	438	at	at	ADP	IN	prep	437	O
wn-0000	13	439	the	the	DET	DT	det	440	B-ORG
wn-0000	13	440	University	University	PROPN	NNP	pobj	438	I-ORG
wn-0000	13	441	of	of	ADP	IN	prep	440	I-ORG
wn-0000	13	442	Melbourne	Melbourne	PROPN	NNP	pobj	441	I-ORG
wn-0000	13	443	and	and	CCONJ	CC	cc	442	O
wn-0000	13	444	Oxford	Oxford	PROPN	NNP	compound	445	B-ORG
wn-0000	13	445	University	University	PROPN	NNP	conj	440	I-ORG
wn-0000	13	446	.	.	PUNCT	.	punct	437	O
wn-0000	14	447	He	he	PRON	PRP	nsubj	449	O
wn-0000	14	448	has	have	AUX	VBZ	aux	449	O
wn-0000	14	449	been	be	AUX	VBN	ROOT	449	O
wn-0000	14	450	a	a	DET	DT	det	451	O
wn-0000	14	451	professor	professor	NOUN	NN	attr	449	O
wn-0000	14	452	of	of	ADP	IN	prep	451	O
wn-0000	14	453	physics	physics	NOUN	NN	pobj	452	O
wn-0000	14	454	and	and	CCONJ	CC	cc	453	O
wn-0000	14	455	astronomy	astronomy	NOUN	NN	conj	453	O
wn-0000	14	456	at	at	ADP	IN	prep	451	O
wn-0000	14	457	Johns	Johns	PROPN	NNP	compound	458	B-ORG
wn-0000	14	458	Hopkins	Hopkins	PROPN	NNP	compound	459	I-ORG
wn-0000	14	459	University	University	PROPN	NNP	pobj	456	I-ORG
wn-0000	14	460	and	and	CCONJ	CC	cc	451	O
wn-0000	14	461	astronomer	astronomer	NOUN	NN	conj	451	O
wn-0000	14	462	at	at	ADP	IN	prep	461	O
wn-0000	14	463	the	the	DET	DT	det	467	O
wn-0000	14	464	Space	Space	PROPN	NNP	compound	465	B-ORG
wn-0000	14	465	Telescope	Telescope	PROPN	NNP	compound	467	I-ORG
wn-0000	14	466	Science	Science	PROPN	NNP	compound	467	I-ORG
wn-0000	14	467	Institute	Institute	PROPN	NNP	pobj	462	I-ORG
wn-0000	14	468	since	since	SCONJ	IN	prep	451	O
wn-0000	14	469	1984	1984	NUM	CD	pobj	468	B-DATE
wn-0000	14	470	.	.	PUNCT	.	punct	449	O
wn-0001	0	0	A	a	DET	DT	det	1	O
wn-0001	0	1	launch	launch	NOUN	NN	nsubj	21	O
wn-0001	0	2	on	on	ADP	IN	prep	1	O
wn-0001	0	3	December	December	PROPN	NNP	pobj	2	B-DATE
wn-0001	0	4	21	21	NUM	CD	nummod	3	I-DATE
wn-0001	0	5	,	,	PUNCT	,	punct	3	I-DATE
wn-0001	0	6	2004	2004	NUM	CD	nummod	3	I-DATE
wn-0001	0	7	by	by	ADP	IN	prep	1	O
wn-0001	0	8	Boeing	Boeing	PROPN	NNP	pobj	7	B-ORG
wn-0001	0	9	with	with	ADP	IN	prep	1	O
wn-0001	0	10	a	a	DET	DT	det	17	O
wn-0001	0	11	new	new	ADJ	JJ	amod	17	O
wn-0001	0	12	""""	""""	PUNCT	``	punct	17	O
wn-0001	0	13	Delta	Delta	PROPN	NNP	nmod	15	B-SPACECRAFT
wn-0001	0	14	IV	IV	PROPN	NNP	nmod	15	I-SPACECRAFT
wn-0001	0	15	Heavy	Heavy	PROPN	NNP	nmod	17	I-SPACECRAFT
wn-0001	0	16	""""	""""	PUNCT	''	punct	17	O
wn-0001	0	17	rocket	rocket	NOUN	NN	pobj	9	O
wn-0001	0	18	from	from	ADP	IN	prep	17	O
wn-0001	0	19	Cape	Cape	PROPN	NNP	compound	20	B-FAC
wn-0001	0	20	Canaveral	Canaveral	PROPN	NNP	pobj	18	I-FAC
wn-0001	0	21	failed	fail	VERB	VBD	ROOT	21	O
wn-0001	0	22	to	to	PART	TO	aux	23	O
wn-0001	0	23	place	place	VERB	VB	xcomp	21	O
wn-0001	0	24	a	a	DET	DT	det	28	O
wn-0001	0	25	'	'	PUNCT	``	punct	28	O
wn-0001	0	26	dummy	dummy	ADJ	JJ	amod	28	O
wn-0001	0	27	'	'	PUNCT	''	punct	28	O
wn-0001	0	28	satellite	satellite	NOUN	NN	dobj	23	O
wn-0001	0	29	into	into	ADP	IN	prep	23	O
wn-0001	0	30	its	its	PRON	PRP$	poss	32	O
wn-0001	0	31	intended	intended	ADJ	JJ	amod	32	O
wn-0001	0	32	orbit	orbit	NOUN	NN	pobj	29	O
wn-0001	0	33	,	,	PUNCT	,	punct	21	O
wn-0001	0	34	but	but	CCONJ	CC	cc	21	O
wn-0001	0	35	the	the	DET	DT	det	36	O
wn-0001	0	36	launch	launch	NOUN	NN	nsubjpass	38	O
wn-0001	0	37	was	be	AUX	VBD	auxpass	38	O
wn-0001	0	38	considered	consider	VERB	VBN	conj	21	O
wn-0001	0	39	successful	successful	ADJ	JJ	oprd	38	O
wn-0001	0	40	by	by	ADP	IN	agent	38	O
wn-0001	0	41	Air	Air	PROPN	NNP	compound	42	B-ORG
wn-0001	0	42	Force	Force	PROPN	NNP	compound	43	I-ORG
wn-0001	0	43	officials	official	NOUN	NNS	pobj	40	O
wn-0001	0	44	.	.	PUNCT	.	punct	38	O
wn-0001	1	46	The	the	DET	DT	det	48	O
wn-0001	1	47	dummy	dummy	ADJ	JJ	amod	48	O
wn-0001	1	48	satellite	satellite	NOUN	NN	nsubj	54	O
wn-0001	1	49	,	,	PUNCT	,	punct	48	O
wn-0001	1	50	the	the	DET	DT	det	51	O
wn-0001	1	51	purpose	purpose	NOUN	NN	nsubj	54	O
wn-0001	1	52	of	of	ADP	IN	prep	51	O
wn-0001	1	53	which	which	PRON	WDT	pobj	52	O
wn-0001	1	54	was	be	AUX	VBD	ROOT	54	O
wn-0001	1	55	to	to	PART	TO	aux	56	O
wn-0001	1	56	monitor	monitor	VERB	VB	xcomp	54	O
wn-0001	1	57	the	the	DET	DT	det	60	O
wn-0001	1	58	Delta	Delta	PROPN	NNP	compound	59	B-SPACECRAFT
wn-0001	1	59	IV	IV	PROPN	NNP	compound	60	I-SPACECRAFT
wn-0001	1	60	launch	launch	NOUN	NN	dobj	56	O
wn-0001	1	61	,	,	PUNCT	,	punct	56	O
wn-0001	1	62	as	as	ADV	RB	advmod	64	O
wn-0001	1	63	well	well	ADV	RB	advmod	64	O
wn-0001	1	64	as	as	ADP	IN	cc	56	O
wn-0001	1	65	two	two	NUM	CD	nummod	67	B-CARDINAL
wn-0001	1	66	experimental	experimental	ADJ	JJ	amod	67	O
wn-0001	1	67	nanosatellites	nanosatellite	NOUN	NNS	dobj	56	O
wn-0001	1	68	,	,	PUNCT	,	punct	67	O
wn-0001	1	69	provided	provide	VERB	VBN	acl	67	O
wn-0001	1	70	by	by	ADP	IN	agent	69	O
wn-0001	1	71	the	the	DET	DT	det	76	B-ORG
wn-0001	1	72	U.S.	U.S.	PROPN	NNP	compound	76	I-ORG
wn-0001	1	73	Air	Air	PROPN	NNP	compound	74	I-ORG
wn-0001	1	74	Force	Force	PROPN	NNP	compound	76	I-ORG
wn-0001	1	75	Research	Research	PROPN	NNP	compound	76	I-ORG
wn-0001	1	76	Laboratory	Laboratory	PROPN	NNP	pobj	70	I-ORG
wn-0001	1	77	to	to	PART	TO	aux	78	O
wn-0001	1	78	take	take	VERB	VB	advcl	69	O
wn-0001	1	79	digital	digital	ADJ	JJ	amod	80	O
wn-0001	1	80	photos	photo	NOUN	NNS	dobj	78	O
wn-0001	1	81	of	of	ADP	IN	prep	80	O
wn-0001	1	82	cloud	cloud	NOUN	NN	amod	83	O
wn-0001	1	83	formations	formation	NOUN	NNS	pobj	81	O
wn-0001	1	84	and	and	CCONJ	CC	cc	78	O
wn-0001	1	85	to	to	PART	TO	aux	86	O
wn-0001	1	86	test	test	VERB	VB	conj	78	O
wn-0001	1	87	the	the	DET	DT	det	88	O
wn-0001	1	88	effectiveness	effectiveness	NOUN	NN	dobj	86	O
wn-0001	1	89	of	of	ADP	IN	prep	88	O
wn-0001	1	90	materials	material	NOUN	NNS	pobj	89	O
wn-0001	1	91	in	in	ADP	IN	prep	90	O
wn-0001	1	92	spacecraft	spacecraft	NOUN	NN	pobj	91	O
wn-0001	1	93	,	,	PUNCT	,	punct	54	O
wn-0001	1	94	were	be	AUX	VBD	auxpass	95	O
wn-0001	1	95	lost	lose	VERB	VBN	ccomp	54	O
wn-0001	1	96	.	.	PUNCT	.	punct	95	O
wn-0001	2	98	Boeing	Boeing	PROPN	NNP	poss	101	B-ORG
wn-0001	2	99	's	's	PART	POS	case	98	O
wn-0001	2	100	Vice	Vice	PROPN	NNP	compound	101	O
wn-0001	2	101	President	President	PROPN	NNP	nsubj	110	O
wn-0001	2	102	for	for	ADP	IN	prep	101	O
wn-0001	2	103	Expendable	Expendable	PROPN	NNP	compound	105	B-ORG
wn-0001	2	104	Launch	Launch	PROPN	NNP	compound	105	I-ORG
wn-0001	2	105	Systems	Systems	PROPN	NNP	pobj	102	I-ORG
wn-0001	2	106	,	,	PUNCT	,	punct	105	O
wn-0001	2	107	Dan	Dan	PROPN	NNP	compound	108	B-PERSON
wn-0001	2	108	Collins	Collins	PROPN	NNP	appos	105	I-PERSON
wn-0001	2	109	,	,	PUNCT	,	punct	101	O
wn-0001	2	110	said	say	VERB	VBD	ROOT	110	O
wn-0001	2	111	that	that	SCONJ	IN	mark	116	O
wn-0001	2	112	the	the	DET	DT	det	114	O
wn-0001	2	113	rocket	rocket	NOUN	NN	compound	114	O
wn-0001	2	114	malfunction	malfunction	NOUN	NN	nsubjpass	116	O
wn-0001	2	115	was	be	AUX	VBD	auxpass	116	O
wn-0001	2	116	caused	cause	VERB	VBN	ccomp	110	O
wn-0001	2	117	by	by	ADP	IN	agent	116	O
wn-0001	2	118	a	a	DET	DT	det	122	O
wn-0001	2	119	shorter	short	ADJ	JJR	amod	121	O
wn-0001	2	120	first	first	ADJ	JJ	amod	121	B-ORDINAL
wn-0001	2	121	stage	stage	NOUN	NN	compound	122	O
wn-0001	2	122	burn	burn	NOUN	NN	pobj	117	O
wn-0001	2	123	then	then	ADV	RB	advmod	125	O
wn-0001	2	124	was	be	AUX	VBD	auxpass	125	O
wn-0001	2	125	expected	expect	VERB	VBN	ccomp	110	O
wn-0001	2	126	.	.	PUNCT	.	punct	110	O
wn-0001	3	127	This	this	PRON	DT	nsubjpass	129	O
wn-0001	3	128	was	be	AUX	VBD	auxpass	129	O
wn-0001	3	129	compensated	compensate	VERB	VBN	ROOT	129	O
wn-0001	3	130	for	for	ADP	IN	prep	129	O
wn-0001	3	131	during	during	ADP	IN	prep	129	O
wn-0001	3	132	flight	flight	NOUN	NN	pobj	131	O
wn-0001	3	133	,	,	PUNCT	,	punct	141	O
wn-0001	3	134	however	however	ADV	RB	advmod	141	O
wn-0001	3	135	the	the	DET	DT	det	136	O
wn-0001	3	136	fuel	fuel	NOUN	NN	nsubj	141	O
wn-0001	3	137	lost	lose	VERB	VBD	acl	136	O
wn-0001	3	138	in	in	ADP	IN	prep	137	O
wn-0001	3	139	the	the	DET	DT	det	140	O
wn-0001	3	140	process	process	NOUN	NN	pobj	138	O
wn-0001	3	141	limited	limit	VERB	VBD	conj	129	O
wn-0001	3	142	final	final	ADJ	JJ	amod	143	O
wn-0001	3	143	stages	stage	NOUN	NNS	dobj	141	O
wn-0001	3	144	of	of	ADP	IN	prep	143	O
wn-0001	3	145	the	the	DET	DT	det	146	O
wn-0001	3	146	burn	burn	NOUN	NN	pobj	144	O
wn-0001	3	147	and	and	CCONJ	CC	cc	141	O
wn-0001	3	148	was	be	AUX	VBD	conj	141	O
wn-0001	3	149	responsible	responsible	ADJ	JJ	acomp	148	O
wn-0001	3	150	for	for	SCONJ	IN	mark	154	O
wn-0001	3	151	the	the	DET	DT	det	152	O
wn-0001	3	152	payload	payload	NOUN	NN	nsubj	154	O
wn-0001	3	153	not	not	PART	RB	neg	154	O
wn-0001	3	154	achieving	achieve	VERB	VBG	advcl	148	O
wn-0001	3	155	orbit	orbit	NOUN	NN	dobj	154	O
wn-0001	4	157	A	a	DET	DT	det	159	O
wn-0001	4	158	Boeing	Boeing	PROPN	NNP	compound	159	B-ORG
wn-0001	4	159	spokesman	spokesman	NOUN	NN	nsubj	164	O
wn-0001	4	160	,	,	PUNCT	,	punct	159	O
wn-0001	4	161	Robert	Robert	PROPN	NNP	compound	162	B-PERSON
wn-0001	4	162	Villanueva	Villanueva	PROPN	NNP	appos	159	I-PERSON
wn-0001	4	163	,	,	PUNCT	,	punct	159	O
wn-0001	4	164	agreed	agree	VERB	VBD	ROOT	164	O
wn-0001	4	165	that	that	SCONJ	IN	mark	170	O
wn-0001	4	166	many	many	ADJ	JJ	amod	168	O
wn-0001	4	167	flight	flight	NOUN	NN	compound	168	O
wn-0001	4	168	objectives	objective	NOUN	NNS	nsubjpass	170	O
wn-0001	4	169	were	be	AUX	VBD	auxpass	170	O
wn-0001	4	170	achieved	achieve	VERB	VBN	ccomp	164	O
wn-0001	4	171	,	,	PUNCT	,	punct	164	O
wn-0001	4	172	but	but	CCONJ	CC	cc	164	O
wn-0001	4	173	did	do	AUX	VBD	aux	175	O
wn-0001	4	174	not	not	PART	RB	neg	175	O
wn-0001	4	175	call	call	VERB	VB	conj	164	O
wn-0001	4	176	the	the	DET	DT	det	177	O
wn-0001	4	177	launch	launch	NOUN	NN	dobj	175	O
wn-0001	4	178	a	a	DET	DT	det	179	O
wn-0001	4	179	success	success	NOUN	NN	oprd	175	O
wn-0001	4	180	.	.	PUNCT	.	punct	164	O
wn-0001	5	181	""""	""""	PUNCT	``	punct	203	O
wn-0001	5	182	We	we	PRON	PRP	nsubj	184	O
wn-0001	5	183	do	do	AUX	VBP	aux	184	O
wn-0001	5	184	have	have	VERB	VB	ccomp	203	O
wn-0001	5	185	an	an	DET	DT	det	187	O
wn-0001	5	186	outstanding	outstanding	ADJ	JJ	amod	187	O
wn-0001	5	187	issue	issue	NOUN	NN	dobj	184	O
wn-0001	5	188	we	we	PRON	PRP	nsubj	189	O
wn-0001	5	189	need	need	VERB	VBP	relcl	187	O
wn-0001	5	190	to	to	PART	TO	aux	191	O
wn-0001	5	191	work	work	VERB	VB	xcomp	189	O
wn-0001	5	192	on	on	ADP	RP	prep	191	O
wn-0001	5	193	before	before	ADP	IN	prep	191	O
wn-0001	5	194	our	our	PRON	PRP$	poss	197	O
wn-0001	5	195	first	first	ADJ	JJ	amod	197	B-ORDINAL
wn-0001	5	196	operational	operational	ADJ	JJ	amod	197	O
wn-0001	5	197	launch	launch	NOUN	NN	pobj	193	O
wn-0001	5	198	next	next	ADJ	JJ	amod	199	B-DATE
wn-0001	5	199	year	year	NOUN	NN	npadvmod	197	I-DATE
wn-0001	5	200	,	,	PUNCT	,	punct	203	O
wn-0001	5	201	""""	""""	PUNCT	''	punct	203	O
wn-0001	5	202	Villanueva	Villanueva	PROPN	NNP	nsubj	203	B-ORG
wn-0001	5	203	said	say	VERB	VBD	ROOT	203	O
wn-0001	5	204	.	.	PUNCT	.	punct	203	O
wn-0001	6	206	Boeing	Boeing	PROPN	NNP	nsubjpass	208	B-ORG
wn-0001	6	207	was	be	AUX	VBD	auxpass	208	O
wn-0001	6	208	paid	pay	VERB	VBN	ROOT	208	O
wn-0001	6	209	at	at	ADP	IN	advmod	210	B-MONEY
wn-0001	6	210	least	least	ADV	RBS	advmod	213	I-MONEY
wn-0001	6	211	$	$	SYM	$	quantmod	213	I-MONEY
wn-0001	6	212	140	140	NUM	CD	compound	213	I-MONEY
wn-0001	6	213	million	million	NUM	CD	dobj	208	I-MONEY
wn-0001	6	214	by	by	ADP	IN	agent	208	O
wn-0001	6	215	the	the	DET	DT	det	218	B-ORG
wn-0001	6	216	U.S.	U.S.	PROPN	NNP	compound	218	I-ORG
wn-0001	6	217	Air	Air	PROPN	NNP	compound	218	I-ORG
wn-0001	6	218	Force	Force	PROPN	NNP	pobj	214	I-ORG
wn-0001	6	219	to	to	PART	TO	aux	220	O
wn-0001	6	220	place	place	VERB	VB	advcl	208	O
wn-0001	6	221	a	a	DET	DT	det	225	O
wn-0001	6	222	'	'	PUNCT	``	punct	225	O
wn-0001	6	223	dummy	dummy	ADJ	JJ	amod	225	O
wn-0001	6	224	'	'	PUNCT	''	punct	225	O
wn-0001	6	225	satellite	satellite	NOUN	NN	dobj	220	O
wn-0001	6	226	into	into	ADP	IN	prep	220	O
wn-0001	6	227	geosynchronous	geosynchronous	ADJ	JJ	amod	228	O
wn-0001	6	228	orbit	orbit	NOUN	NN	pobj	226	O
wn-0001	6	229	,	,	PUNCT	,	punct	228	O
wn-0001	6	230	22,300	22,300	NUM	CD	nummod	231	B-QUANTITY
wn-0001	6	231	miles	mile	NOUN	NNS	npadvmod	232	I-QUANTITY
wn-0001	6	232	from	from	ADP	IN	prep	220	O
wn-0001	6	233	Earth	Earth	PROPN	NNP	pobj	232	B-CELESTIAL
wn-0001	6	234	,	,	PUNCT	,	punct	208	O
wn-0001	6	235	according	accord	VERB	VBG	prep	208	O
wn-0001	6	236	to	to	ADP	IN	prep	235	O
wn-0001	6	237	the	the	DET	DT	det	238	O
wn-0001	6	238	FAA	FAA	PROPN	NNP	pobj	236	B-ORG
wn-0001	6	239	.	.	PUNCT	.	punct	208	O
wn-0001	7	240	The	the	DET	DT	det	241	O
wn-0001	7	241	launch	launch	NOUN	NN	nsubj	242	O
wn-0001	7	242	was	be	AUX	VBD	ROOT	242	O
wn-0001	7	243	a	a	DET	DT	det	244	O
wn-0001	7	244	demonstration	demonstration	NOUN	NN	attr	242	O
wn-0001	7	245	for	for	ADP	IN	prep	244	O
wn-0001	7	246	the	the	DET	DT	det	248	B-ORG
wn-0001	7	247	Air	Air	PROPN	NNP	compound	248	I-ORG
wn-0001	7	248	Force	Force	PROPN	NNP	poss	253	I-ORG
wn-0001	7	249	's	's	PART	POS	case	248	I-ORG
wn-0001	7	250	Evolved	Evolved	PROPN	NNP	amod	253	O
wn-0001	7	251	Expendable	Expendable	PROPN	NNP	compound	252	O
wn-0001	7	252	Launch	Launch	PROPN	NNP	compound	253	O
wn-0001	7	253	Vehicle	Vehicle	PROPN	NNP	nmod	257	O
wn-0001	7	254	(	(	PUNCT	-LRB-	punct	253	O
wn-0001	7	255	EELV	EELV	PROPN	NNP	nmod	257	B-ORG
wn-0001	7	256	)	)	PUNCT	-RRB-	punct	257	O
wn-0001	7	257	program	program	NOUN	NN	pobj	245	O
wn-0001	7	258	.	.	PUNCT	.	punct	242	O
wn-0001	8	260	Collins	Collins	PROPN	NNP	nsubj	262	B-PERSON
wn-0001	8	261	also	also	ADV	RB	advmod	262	O
wn-0001	8	262	reported	report	VERB	VBD	ROOT	262	O
wn-0001	8	263	,	,	PUNCT	,	punct	262	O
wn-0001	8	264	""""	""""	PUNCT	``	punct	262	O
wn-0001	8	265	We	we	PRON	PRP	nsubj	267	O
wn-0001	8	266	now	now	ADV	RB	advmod	267	O
wn-0001	8	267	have	have	VERB	VBP	ccomp	262	O
wn-0001	8	268	enough	enough	ADJ	JJ	amod	269	O
wn-0001	8	269	information	information	NOUN	NN	dobj	267	O
wn-0001	8	270	and	and	CCONJ	CC	cc	269	O
wn-0001	8	271	confidence	confidence	NOUN	NN	conj	269	O
wn-0001	8	272	in	in	ADP	IN	prep	269	O
wn-0001	8	273	the	the	DET	DT	det	276	O
wn-0001	8	274	Delta	Delta	PROPN	NNP	compound	276	B-SPACECRAFT
wn-0001	8	275	IV	IV	PROPN	NNP	compound	276	I-SPACECRAFT
wn-0001	8	276	Heavy	Heavy	PROPN	NNP	pobj	272	I-SPACECRAFT
wn-0001	8	277	to	to	PART	TO	aux	278	O
wn-0001	8	278	move	move	VERB	VB	acl	269	O
wn-0001	8	279	forward	forward	ADV	RB	advmod	278	O
wn-0001	8	280	with	with	ADP	IN	prep	278	O
wn-0001	8	281	preparations	preparation	NOUN	NNS	pobj	280	O
wn-0001	8	282	for	for	ADP	IN	prep	281	O
wn-0001	8	283	the	the	DET	DT	det	288	O
wn-0001	8	284	upcoming	upcoming	ADJ	JJ	amod	288	O
wn-0001	8	285	Defense	Defense	PROPN	NNP	compound	286	B-ORG
wn-0001	8	286	Support	Support	PROPN	NNP	compound	287	I-ORG
wn-0001	8	287	Program	Program	PROPN	NNP	compound	288	I-ORG
wn-0001	8	288	launch	launch	NOUN	NN	pobj	282	O
wn-0001	8	289	in	in	ADP	IN	prep	278	O
wn-0001	8	290	2005	2005	NUM	CD	pobj	289	B-DATE
wn-0001	8	291	.	.	PUNCT	.	punct	262	O
wn-0001	9	292	The	the	DET	DT	det	293	O
wn-0001	9	293	mission	mission	NOUN	NN	nsubj	295	O
wn-0001	9	294	has	have	AUX	VBZ	aux	295	O
wn-0001	9	295	met	meet	VERB	VBN	ROOT	295	O
wn-0001	9	296	all	all	DET	PDT	predet	299	O
wn-0001	9	297	its	its	PRON	PRP$	poss	299	O
wn-0001	9	298	major	major	ADJ	JJ	amod	299	O
wn-0001	9	299	objectives	objective	NOUN	NNS	dobj	295	O
wn-0001	9	300	.	.	PUNCT	.	punct	295	O
wn-0001	10	301	The	the	DET	DT	det	304	B-ORG
wn-0001	10	302	US	US	PROPN	NNP	compound	304	I-ORG
wn-0001	10	303	Air	Air	PROPN	NNP	compound	304	I-ORG
wn-0001	10	304	Force	Force	PROPN	NNP	nsubj	306	I-ORG
wn-0001	10	305	-	-	PUNCT	,	punct	306	O
wn-0001	10	306	was	be	AUX	VBD	ROOT	306	O
wn-0001	10	307	very	very	ADV	RB	advmod	310	O
wn-0001	10	308	,	,	PUNCT	,	punct	310	O
wn-0001	10	309	very	very	ADV	RB	advmod	310	O
wn-0001	10	310	happy	happy	ADJ	JJ	acomp	306	O
wn-0001	10	311	.	.	PUNCT	.	punct	306	O
wn-0001	11	312	""""	""""	PUNCT	``	ROOT	312	O
wn-0001	12	314	The	the	DET	DT	det	318	O
wn-0001	12	315	23	23	NUM	CD	nummod	317	B-CARDINAL
wn-0001	12	316	-	-	PUNCT	HYPH	punct	317	O
wn-0001	12	317	story	story	NOUN	NN	compound	318	O
wn-0001	12	318	rocket	rocket	NOUN	NN	nsubj	331	O
wn-0001	12	319	,	,	PUNCT	,	punct	318	O
wn-0001	12	320	a	a	DET	DT	det	324	O
wn-0001	12	321	heavy	heavy	ADJ	JJ	amod	323	O
wn-0001	12	322	-	-	PUNCT	HYPH	punct	323	O
wn-0001	12	323	lift	lift	NOUN	NN	compound	324	O
wn-0001	12	324	variant	variant	NOUN	NN	appos	318	O
wn-0001	12	325	of	of	ADP	IN	prep	324	O
wn-0001	12	326	the	the	DET	DT	det	329	O
wn-0001	12	327	Delta	Delta	PROPN	NNP	nmod	329	O
wn-0001	12	328	4	4	NUM	CD	nummod	327	O
wn-0001	12	329	family	family	NOUN	NN	pobj	325	O
wn-0001	12	330	,	,	PUNCT	,	punct	318	O
wn-0001	12	331	lifted	lift	VERB	VBD	ROOT	331	O
wn-0001	12	332	off	off	ADP	RP	prt	331	O
wn-0001	12	333	from	from	ADP	IN	prep	331	O
wn-0001	12	334	Cape	Cape	PROPN	NNP	compound	338	B-FAC
wn-0001	12	335	Canaveral	Canaveral	PROPN	NNP	compound	338	I-FAC
wn-0001	12	336	Air	Air	PROPN	NNP	compound	337	I-FAC
wn-0001	12	337	Force	Force	PROPN	NNP	compound	338	I-FAC
wn-0001	12	338	Station	Station	PROPN	NNP	pobj	333	I-FAC
wn-0001	12	339	in	in	ADP	IN	prep	338	O
wn-0001	12	340	Florida	Florida	PROPN	NNP	pobj	339	B-GPE
wn-0001	12	341	on	on	ADP	IN	prep	331	O
wn-0001	12	342	Dec.	Dec.	PROPN	NNP	pobj	341	B-DATE
wn-0001	12	343	21	21	NUM	CD	nummod	342	I-DATE
wn-0001	12	344	at	at	ADP	IN	prep	331	O
wn-0001	12	345	4:50	4:50	NUM	CD	nummod	346	B-TIME
wn-0001	12	346	p.m.	p.m.	NOUN	NN	pobj	344	I-TIME
wn-0001	12	347	(	(	PUNCT	-LRB-	punct	346	O
wn-0001	12	348	2150	2150	NUM	CD	nummod	349	B-CARDINAL
wn-0001	12	349	GMT	GMT	PROPN	NNP	appos	346	B-ORG
wn-0001	12	350	)	)	PUNCT	-RRB-	punct	346	O
wn-0001	12	351	.	.	PUNCT	.	punct	331	O
wn-0001	13	352	The	the	DET	DT	det	353	O
wn-0001	13	353	launch	launch	NOUN	NN	nsubjpass	355	O
wn-0001	13	354	was	be	AUX	VBD	auxpass	355	O
wn-0001	13	355	delayed	delay	VERB	VBN	ROOT	355	O
wn-0001	13	356	three	three	NUM	CD	nummod	357	B-CARDINAL
wn-0001	13	357	times	time	NOUN	NNS	npadvmod	355	O
wn-0001	13	358	in	in	ADP	IN	prep	355	O
wn-0001	13	359	December	December	PROPN	NNP	pobj	358	B-DATE
wn-0001	13	360	due	due	ADP	IN	prep	355	O
wn-0001	13	361	to	to	ADP	IN	pcomp	360	O
wn-0001	13	362	weather	weather	NOUN	NN	compound	363	O
wn-0001	13	363	problems	problem	NOUN	NNS	pobj	360	O
wn-0001	13	364	and	and	CCONJ	CC	cc	363	O
wn-0001	13	365	technical	technical	ADJ	JJ	amod	366	O
wn-0001	13	366	glitches	glitch	NOUN	NNS	conj	363	O
wn-0001	13	367	.	.	PUNCT	.	punct	355	O
wn-0001	14	369	The	the	DET	DT	det	372	O
wn-0001	14	370	Delta	Delta	PROPN	NNP	compound	372	B-SPACECRAFT
wn-0001	14	371	IV	IV	PROPN	NNP	compound	372	I-SPACECRAFT
wn-0001	14	372	Heavy	Heavy	PROPN	NNP	nsubjpass	374	I-SPACECRAFT
wn-0001	14	373	is	be	AUX	VBZ	auxpass	374	O
wn-0001	14	374	scheduled	schedule	VERB	VBN	ROOT	374	O
wn-0001	14	375	to	to	PART	TO	aux	376	O
wn-0001	14	376	carry	carry	VERB	VB	xcomp	374	O
wn-0001	14	377	the	the	DET	DT	det	385	O
wn-0001	14	378	final	final	ADJ	JJ	amod	385	O
wn-0001	14	379	Defense	Defense	PROPN	NNP	compound	380	B-ORG
wn-0001	14	380	Support	Support	PROPN	NNP	compound	381	I-ORG
wn-0001	14	381	Program	Program	PROPN	NNP	compound	382	I-ORG
wn-0001	14	382	missile	missile	NOUN	NN	compound	383	O
wn-0001	14	383	launch	launch	NOUN	NN	compound	384	O
wn-0001	14	384	detection	detection	NOUN	NN	compound	385	O
wn-0001	14	385	satellite	satellite	NOUN	NN	dobj	376	O
wn-0001	14	386	to	to	PART	TO	aux	387	O
wn-0001	14	387	orbit	orbit	VERB	VB	advcl	376	O
wn-0001	14	388	this	this	DET	DT	det	389	B-DATE
wn-0001	14	389	August	August	PROPN	NNP	npadvmod	387	I-DATE
wn-0001	14	390	.	.	PUNCT	.	punct	374	O
wn-0001	15	391	A	a	DET	DT	det	396	O
wn-0001	15	392	National	National	PROPN	NNP	compound	394	B-ORG
wn-0001	15	393	Reconnaissance	Reconnaissance	PROPN	NNP	compound	394	I-ORG
wn-0001	15	394	Office	Office	PROPN	NNP	nmod	396	I-ORG
wn-0001	15	395	classified	classify	VERB	VBN	amod	396	O
wn-0001	15	396	payload	payload	NOUN	NN	nsubjpass	398	O
wn-0001	15	397	is	be	AUX	VBZ	auxpass	398	O
wn-0001	15	398	set	set	VERB	VBN	ROOT	398	O
wn-0001	15	399	to	to	PART	TO	aux	400	O
wn-0001	15	400	be	be	AUX	VB	xcomp	398	O
wn-0001	15	401	aboard	aboard	ADP	IN	prep	400	O
wn-0001	15	402	the	the	DET	DT	det	405	O
wn-0001	15	403	second	second	ADJ	JJ	amod	405	B-ORDINAL
wn-0001	15	404	operational	operational	ADJ	JJ	amod	405	O
wn-0001	15	405	launch	launch	NOUN	NN	pobj	401	O
wn-0001	15	406	scheduled	schedule	VERB	VBN	acl	405	O
wn-0001	15	407	for	for	ADP	IN	prep	406	O
wn-0001	15	408	December	December	PROPN	NNP	pobj	407	B-DATE
wn-0001	15	409	2005	2005	NUM	CD	nummod	408	I-DATE
wn-0001	15	410	.	.	PUNCT	.	punct	398	O
wn-0002	0	0	A	a	DET	DT	det	1	O
wn-0002	0	1	launch	launch	NOUN	NN	nsubj	21	O
wn-0002	0	2	on	on	ADP	IN	prep	1	O
wn-0002	0	3	December	December	PROPN	NNP	pobj	2	B-DATE
wn-0002	0	4	21	21	NUM	CD	nummod	3	I-DATE
wn-0002	0	5	,	,	PUNCT	,	punct	3	I-DATE
wn-0002	0	6	2004	2004	NUM	CD	nummod	3	I-DATE
wn-0002	0	7	by	by	ADP	IN	prep	1	O
wn-0002	0	8	Boeing	Boeing	PROPN	NNP	pobj	7	B-ORG
wn-0002	0	9	with	with	ADP	IN	prep	1	O
wn-0002	0	10	a	a	DET	DT	det	17	O
wn-0002	0	11	new	new	ADJ	JJ	amod	17	O
wn-0002	0	12	""""	""""	PUNCT	``	punct	17	O
wn-0002	0	13	Delta	Delta	PROPN	NNP	nmod	15	B-SPACECRAFT
wn-0002	0	14	IV	IV	PROPN	NNP	nmod	15	I-SPACECRAFT
wn-0002	0	15	Heavy	Heavy	PROPN	NNP	nmod	17	I-SPACECRAFT
wn-0002	0	16	""""	""""	PUNCT	''	punct	17	O
wn-0002	0	17	rocket	rocket	NOUN	NN	pobj	9	O
wn-0002	0	18	from	from	ADP	IN	prep	17	O
wn-0002	0	19	Cape	Cape	PROPN	NNP	compound	20	B-FAC
wn-0002	0	20	Canaveral	Canaveral	PROPN	NNP	pobj	18	I-FAC
wn-0002	0	21	failed	fail	VERB	VBD	ROOT	21	O
wn-0002	0	22	to	to	PART	TO	aux	23	O
wn-0002	0	23	place	place	VERB	VB	xcomp	21	O
wn-0002	0	24	a	a	DET	DT	det	28	O
wn-0002	0	25	'	'	PUNCT	``	punct	28	O
wn-0002	0	26	dummy	dummy	ADJ	JJ	amod	28	O
wn-0002	0	27	'	'	PUNCT	''	punct	28	O
wn-0002	0	28	satellite	satellite	NOUN	NN	dobj	23	O
wn-0002	0	29	into	into	ADP	IN	prep	23	O
wn-0002	0	30	geosynchronous	geosynchronous	ADJ	JJ	amod	31	O
wn-0002	0	31	orbit	orbit	NOUN	NN	pobj	29	O
wn-0002	0	32	,	,	PUNCT	,	punct	21	O
wn-0002	0	33	but	but	CCONJ	CC	cc	21	O
wn-0002	0	34	the	the	DET	DT	det	35	O
wn-0002	0	35	launch	launch	NOUN	NN	nsubjpass	37	O
wn-0002	0	36	was	be	AUX	VBD	auxpass	37	O
wn-0002	0	37	considered	consider	VERB	VBN	conj	21	O
wn-0002	0	38	successful	successful	ADJ	JJ	oprd	37	O
wn-0002	0	39	by	by	ADP	IN	agent	37	O
wn-0002	0	40	Air	Air	PROPN	NNP	compound	41	B-ORG
wn-0002	0	41	Force	Force	PROPN	NNP	compound	42	I-ORG
wn-0002	0	42	officials	official	NOUN	NNS	pobj	39	O
wn-0002	0	43	.	.	PUNCT	.	punct	37	O
wn-0002	1	45	The	the	DET	DT	det	47	O
wn-0002	1	46	dummy	dummy	ADJ	JJ	amod	47	O
wn-0002	1	47	satellite	satellite	NOUN	NN	nsubj	53	O
wn-0002	1	48	,	,	PUNCT	,	punct	47	O
wn-0002	1	49	the	the	DET	DT	det	50	O
wn-0002	1	50	purpose	purpose	NOUN	NN	nsubj	53	O
wn-0002	1	51	of	of	ADP	IN	prep	50	O
wn-0002	1	52	which	which	PRON	WDT	pobj	51	O
wn-0002	1	53	was	be	AUX	VBD	ROOT	53	O
wn-0002	1	54	to	to	PART	TO	aux	55	O
wn-0002	1	55	monitor	monitor	VERB	VB	xcomp	53	O
wn-0002	1	56	the	the	DET	DT	det	59	O
wn-0002	1	57	Delta	Delta	PROPN	NNP	compound	58	B-SPACECRAFT
wn-0002	1	58	IV	IV	PROPN	NNP	compound	59	I-SPACECRAFT
wn-0002	1	59	launch	launch	NOUN	NN	dobj	55	O
wn-0002	1	60	,	,	PUNCT	,	punct	55	O
wn-0002	1	61	as	as	ADV	RB	advmod	63	O
wn-0002	1	62	well	well	ADV	RB	advmod	63	O
wn-0002	1	63	as	as	ADP	IN	cc	55	O
wn-0002	1	64	two	two	NUM	CD	nummod	66	B-CARDINAL
wn-0002	1	65	experimental	experimental	ADJ	JJ	amod	66	O
wn-0002	1	66	nanosatellites	nanosatellite	NOUN	NNS	dobj	55	O
wn-0002	1	67	,	,	PUNCT	,	punct	66	O
wn-0002	1	68	provided	provide	VERB	VBN	acl	66	O
wn-0002	1	69	by	by	ADP	IN	agent	68	O
wn-0002	1	70	the	the	DET	DT	det	75	B-ORG
wn-0002	1	71	U.S.	U.S.	PROPN	NNP	compound	75	I-ORG
wn-0002	1	72	Air	Air	PROPN	NNP	compound	73	I-ORG
wn-0002	1	73	Force	Force	PROPN	NNP	compound	75	I-ORG
wn-0002	1	74	Research	Research	PROPN	NNP	compound	75	I-ORG
wn-0002	1	75	Laboratory	Laboratory	PROPN	NNP	pobj	69	I-ORG
wn-0002	1	76	to	to	PART	TO	aux	77	O
wn-0002	1	77	take	take	VERB	VB	advcl	68	O
wn-0002	1	78	digital	digital	ADJ	JJ	amod	79	O
wn-0002	1	79	photos	photo	NOUN	NNS	dobj	77	O
wn-0002	1	80	of	of	ADP	IN	prep	79	O
wn-0002	1	81	cloud	cloud	NOUN	NN	amod	82	O
wn-0002	1	82	formations	formation	NOUN	NNS	pobj	80	O
wn-0002	1	83	and	and	CCONJ	CC	cc	77	O
wn-0002	1	84	to	to	PART	TO	aux	85	O
wn-0002	1	85	test	test	VERB	VB	conj	77	O
wn-0002	1	86	the	the	DET	DT	det	87	O
wn-0002	1	87	effectiveness	effectiveness	NOUN	NN	dobj	85	O
wn-0002	1	88	of	of	ADP	IN	prep	87	O
wn-0002	1	89	materials	material	NOUN	NNS	pobj	88	O
wn-0002	1	90	in	in	ADP	IN	prep	89	O
wn-0002	1	91	spacecraft	spacecraft	NOUN	NN	pobj	90	O
wn-0002	1	92	,	,	PUNCT	,	punct	53	O
wn-0002	1	93	were	be	AUX	VBD	auxpass	94	O
wn-0002	1	94	lost	lose	VERB	VBN	ccomp	53	O
wn-0002	1	95	.	.	PUNCT	.	punct	94	O
wn-0002	2	97	Boeing	Boeing	PROPN	NNP	poss	100	B-ORG
wn-0002	2	98	's	's	PART	POS	case	97	O
wn-0002	2	99	Vice	Vice	PROPN	NNP	compound	100	O
wn-0002	2	100	President	President	PROPN	NNP	nsubj	109	O
wn-0002	2	101	for	for	ADP	IN	prep	100	O
wn-0002	2	102	Expendable	Expendable	PROPN	NNP	compound	104	B-ORG
wn-0002	2	103	Launch	Launch	PROPN	NNP	compound	104	I-ORG
wn-0002	2	104	Systems	Systems	PROPN	NNP	pobj	101	I-ORG
wn-0002	2	105	,	,	PUNCT	,	punct	104	O
wn-0002	2	106	Dan	Dan	PROPN	NNP	compound	107	B-PERSON
wn-0002	2	107	Collins	Collins	PROPN	NNP	appos	104	I-PERSON
wn-0002	2	108	,	,	PUNCT	,	punct	100	O
wn-0002	2	109	said	say	VERB	VBD	ROOT	109	O
wn-0002	2	110	that	that	SCONJ	IN	mark	115	O
wn-0002	2	111	the	the	DET	DT	det	113	O
wn-0002	2	112	rocket	rocket	NOUN	NN	compound	113	O
wn-0002	2	113	malfunction	malfunction	NOUN	NN	nsubjpass	115	O
wn-0002	2	114	was	be	AUX	VBD	auxpass	115	O
wn-0002	2	115	caused	cause	VERB	VBN	ccomp	109	O
wn-0002	2	116	by	by	ADP	IN	agent	115	O
wn-0002	2	117	a	a	DET	DT	det	121	O
wn-0002	2	118	shorter	short	ADJ	JJR	amod	120	O
wn-0002	2	119	first	first	ADJ	JJ	amod	120	B-ORDINAL
wn-0002	2	120	stage	stage	NOUN	NN	compound	121	O
wn-0002	2	121	burn	burn	NOUN	NN	pobj	116	O
wn-0002	2	122	than	than	SCONJ	IN	mark	124	O
wn-0002	2	123	was	be	AUX	VBD	auxpass	124	O
wn-0002	2	124	expected	expect	VERB	VBN	advcl	121	O
wn-0002	2	125	.	.	PUNCT	.	punct	109	O
wn-0002	3	126	This	this	PRON	DT	nsubjpass	128	O
wn-0002	3	127	was	be	AUX	VBD	auxpass	128	O
wn-0002	3	128	compensated	compensate	VERB	VBN	ccomp	140	O
wn-0002	3	129	for	for	ADP	IN	prep	128	O
wn-0002	3	130	during	during	ADP	IN	prep	128	O
wn-0002	3	131	flight	flight	NOUN	NN	pobj	130	O
wn-0002	3	132	,	,	PUNCT	,	punct	140	O
wn-0002	3	133	however	however	ADV	RB	advmod	140	O
wn-0002	3	134	the	the	DET	DT	det	135	O
wn-0002	3	135	fuel	fuel	NOUN	NN	nsubj	140	O
wn-0002	3	136	lost	lose	VERB	VBD	acl	135	O
wn-0002	3	137	in	in	ADP	IN	prep	136	O
wn-0002	3	138	the	the	DET	DT	det	139	O
wn-0002	3	139	process	process	NOUN	NN	pobj	137	O
wn-0002	3	140	limited	limit	VERB	VBD	ROOT	140	O
wn-0002	3	141	final	final	ADJ	JJ	amod	142	O
wn-0002	3	142	stages	stage	NOUN	NNS	dobj	140	O
wn-0002	3	143	of	of	ADP	IN	prep	142	O
wn-0002	3	144	the	the	DET	DT	det	145	O
wn-0002	3	145	burn	burn	NOUN	NN	pobj	143	O
wn-0002	3	146	and	and	CCONJ	CC	cc	140	O
wn-0002	3	147	was	be	AUX	VBD	conj	140	O
wn-0002	3	148	responsible	responsible	ADJ	JJ	acomp	147	O
wn-0002	3	149	for	for	SCONJ	IN	mark	153	O
wn-0002	3	150	the	the	DET	DT	det	151	O
wn-0002	3	151	payload	payload	NOUN	NN	nsubj	153	O
wn-0002	3	152	not	not	PART	RB	neg	153	O
wn-0002	3	153	achieving	achieve	VERB	VBG	advcl	147	O
wn-0002	3	154	orbit	orbit	NOUN	NN	dobj	153	O
wn-0002	3	155	.	.	PUNCT	.	punct	140	O
wn-0002	4	157	A	a	DET	DT	det	159	O
wn-0002	4	158	Boeing	Boeing	PROPN	NNP	compound	159	B-ORG
wn-0002	4	159	spokesman	spokesman	NOUN	NN	nsubj	164	O
wn-0002	4	160	,	,	PUNCT	,	punct	159	O
wn-0002	4	161	Robert	Robert	PROPN	NNP	compound	162	B-PERSON
wn-0002	4	162	Villanueva	Villanueva	PROPN	NNP	appos	159	I-PERSON
wn-0002	4	163	,	,	PUNCT	,	punct	159	O
wn-0002	4	164	agreed	agree	VERB	VBD	ROOT	164	O
wn-0002	4	165	that	that	SCONJ	IN	mark	170	O
wn-0002	4	166	many	many	ADJ	JJ	amod	168	O
wn-0002	4	167	flight	flight	NOUN	NN	compound	168	O
wn-0002	4	168	objectives	objective	NOUN	NNS	nsubjpass	170	O
wn-0002	4	169	were	be	AUX	VBD	auxpass	170	O
wn-0002	4	170	achieved	achieve	VERB	VBN	ccomp	164	O
wn-0002	4	171	,	,	PUNCT	,	punct	164	O
wn-0002	4	172	but	but	CCONJ	CC	cc	164	O
wn-0002	4	173	did	do	AUX	VBD	aux	175	O
wn-0002	4	174	not	not	PART	RB	neg	175	O
wn-0002	4	175	call	call	VERB	VB	conj	164	O
wn-0002	4	176	the	the	DET	DT	det	177	O
wn-0002	4	177	launch	launch	NOUN	NN	dobj	175	O
wn-0002	4	178	a	a	DET	DT	det	179	O
wn-0002	4	179	success	success	NOUN	NN	oprd	175	O
wn-0002	4	180	.	.	PUNCT	.	punct	164	O
wn-0002	5	181	“	""""	PUNCT	``	punct	203	O
wn-0002	5	182	We	we	PRON	PRP	nsubj	184	O
wn-0002	5	183	do	do	AUX	VBP	aux	184	O
wn-0002	5	184	have	have	VERB	VB	ccomp	203	O
wn-0002	5	185	an	an	DET	DT	det	187	O
wn-0002	5	186	outstanding	outstanding	ADJ	JJ	amod	187	O
wn-0002	5	187	issue	issue	NOUN	NN	dobj	184	O
wn-0002	5	188	we	we	PRON	PRP	nsubj	189	O
wn-0002	5	189	need	need	VERB	VBP	relcl	187	O
wn-0002	5	190	to	to	PART	TO	aux	191	O
wn-0002	5	191	work	work	VERB	VB	xcomp	189	O
wn-0002	5	192	on	on	ADP	RP	prep	191	O
wn-0002	5	193	before	before	ADP	IN	prep	191	O
wn-0002	5	194	our	our	PRON	PRP$	poss	197	O
wn-0002	5	195	first	first	ADJ	JJ	amod	197	B-ORDINAL
wn-0002	5	196	operational	operational	ADJ	JJ	amod	197	O
wn-0002	5	197	launch	launch	NOUN	NN	pobj	193	O
wn-0002	5	198	next	next	ADJ	JJ	amod	199	B-DATE
wn-0002	5	199	year	year	NOUN	NN	npadvmod	197	I-DATE
wn-0002	5	200	,	,	PUNCT	,	punct	203	O
wn-0002	5	201	”	""""	PUNCT	''	punct	203	O
wn-0002	5	202	Villanueva	Villanueva	PROPN	NNP	nsubj	203	B-ORG
wn-0002	5	203	said	say	VERB	VBD	ROOT	203	O
wn-0002	5	204	.	.	PUNCT	.	punct	203	O
wn-0002	6	206	Boeing	Boeing	PROPN	NNP	nsubjpass	208	B-ORG
wn-0002	6	207	was	be	AUX	VBD	auxpass	208	O
wn-0002	6	208	paid	pay	VERB	VBN	ROOT	208	O
wn-0002	6	209	at	at	ADP	IN	advmod	210	B-MONEY
wn-0002	6	210	least	least	ADV	RBS	advmod	213	I-MONEY
wn-0002	6	211	$	$	SYM	$	quantmod	213	I-MONEY
wn-0002	6	212	140	140	NUM	CD	compound	213	I-MONEY
wn-0002	6	213	million	million	NUM	CD	dobj	208	I-MONEY
wn-0002	6	214	by	by	ADP	IN	agent	208	O
wn-0002	6	215	the	the	DET	DT	det	218	B-ORG
wn-0002	6	216	U.S.	U.S.	PROPN	NNP	compound	218	I-ORG
wn-0002	6	217	Air	Air	PROPN	NNP	compound	218	I-ORG
wn-0002	6	218	Force	Force	PROPN	NNP	pobj	214	I-ORG
wn-0002	6	219	to	to	PART	TO	aux	220	O
wn-0002	6	220	place	place	VERB	VB	advcl	208	O
wn-0002	6	221	a	a	DET	DT	det	225	O
wn-0002	6	222	'	'	PUNCT	``	punct	225	O
wn-0002	6	223	dummy	dummy	ADJ	JJ	amod	225	O
wn-0002	6	224	'	'	PUNCT	''	punct	225	O
wn-0002	6	225	satellite	satellite	NOUN	NN	dobj	220	O
wn-0002	6	226	into	into	ADP	IN	prep	220	O
wn-0002	6	227	geosynchronous	geosynchronous	ADJ	JJ	amod	228	O
wn-0002	6	228	orbit	orbit	NOUN	NN	pobj	226	O
wn-0002	6	229	,	,	PUNCT	,	punct	228	O
wn-0002	6	230	22,300	22,300	NUM	CD	nummod	231	B-QUANTITY
wn-0002	6	231	miles	mile	NOUN	NNS	npadvmod	232	I-QUANTITY
wn-0002	6	232	from	from	ADP	IN	prep	220	O
wn-0002	6	233	Earth	Earth	PROPN	NNP	pobj	232	B-CELESTIAL
wn-0002	6	234	,	,	PUNCT	,	punct	208	O
wn-0002	6	235	according	accord	VERB	VBG	prep	208	O
wn-0002	6	236	to	to	ADP	IN	prep	235	O
wn-0002	6	237	the	the	DET	DT	det	238	O
wn-0002	6	238	FAA	FAA	PROPN	NNP	pobj	236	B-ORG
wn-0002	6	239	.	.	PUNCT	.	punct	208	O
wn-0002	7	240	The	the	DET	DT	det	241	O
wn-0002	7	241	launch	launch	NOUN	NN	nsubj	242	O
wn-0002	7	242	was	be	AUX	VBD	ROOT	242	O
wn-0002	7	243	a	a	DET	DT	det	244	O
wn-0002	7	244	demonstration	demonstration	NOUN	NN	attr	242	O
wn-0002	7	245	for	for	ADP	IN	prep	244	O
wn-0002	7	246	the	the	DET	DT	det	248	B-ORG
wn-0002	7	247	Air	Air	PROPN	NNP	compound	248	I-ORG
wn-0002	7	248	Force	Force	PROPN	NNP	poss	253	I-ORG
wn-0002	7	249	's	's	PART	POS	case	248	I-ORG
wn-0002	7	250	Evolved	Evolved	PROPN	NNP	amod	253	O
wn-0002	7	251	Expendable	Expendable	PROPN	NNP	compound	252	O
wn-0002	7	252	Launch	Launch	PROPN	NNP	compound	253	O
wn-0002	7	253	Vehicle	Vehicle	PROPN	NNP	nmod	257	O
wn-0002	7	254	(	(	PUNCT	-LRB-	punct	253	O
wn-0002	7	255	EELV	EELV	PROPN	NNP	nmod	257	B-ORG
wn-0002	7	256	)	)	PUNCT	-RRB-	punct	257	O
wn-0002	7	257	program	program	NOUN	NN	pobj	245	O
wn-0002	7	258	.	.	PUNCT	.	punct	242	O
wn-0002	8	260	Collins	Collins	PROPN	NNP	nsubj	262	B-PERSON
wn-0002	8	261	also	also	ADV	RB	advmod	262	O
wn-0002	8	262	reported	report	VERB	VBD	ROOT	262	O
wn-0002	8	263	,	,	PUNCT	,	punct	262	O
wn-0002	8	264	""""	""""	PUNCT	``	punct	262	O
wn-0002	8	265	We	we	PRON	PRP	nsubj	267	O
wn-0002	8	266	now	now	ADV	RB	advmod	267	O
wn-0002	8	267	have	have	VERB	VBP	ccomp	262	O
wn-0002	8	268	enough	enough	ADJ	JJ	amod	269	O
wn-0002	8	269	information	information	NOUN	NN	dobj	267	O
wn-0002	8	270	and	and	CCONJ	CC	cc	269	O
wn-0002	8	271	confidence	confidence	NOUN	NN	conj	269	O
wn-0002	8	272	in	in	ADP	IN	prep	269	O
wn-0002	8	273	the	the	DET	DT	det	276	O
wn-0002	8	274	Delta	Delta	PROPN	NNP	compound	276	B-SPACECRAFT
wn-0002	8	275	IV	IV	PROPN	NNP	compound	276	I-SPACECRAFT
wn-0002	8	276	Heavy	Heavy	PROPN	NNP	pobj	272	I-SPACECRAFT
wn-0002	8	277	to	to	PART	TO	aux	278	O
wn-0002	8	278	move	move	VERB	VB	acl	269	O
wn-0002	8	279	forward	forward	ADV	RB	advmod	278	O
wn-0002	8	280	with	with	ADP	IN	prep	278	O
wn-0002	8	281	preparations	preparation	NOUN	NNS	pobj	280	O
wn-0002	8	282	for	for	ADP	IN	prep	281	O
wn-0002	8	283	the	the	DET	DT	det	288	O
wn-0002	8	284	upcoming	upcoming	ADJ	JJ	amod	288	O
wn-0002	8	285	Defense	Defense	PROPN	NNP	compound	286	B-ORG
wn-0002	8	286	Support	Support	PROPN	NNP	compound	287	I-ORG
wn-0002	8	287	Program	Program	PROPN	NNP	compound	288	I-ORG
wn-0002	8	288	launch	launch	NOUN	NN	pobj	282	O
wn-0002	8	289	in	in	ADP	IN	prep	278	O
wn-0002	8	290	2005	2005	NUM	CD	pobj	289	B-DATE
wn-0002	8	291	.	.	PUNCT	.	punct	262	O
wn-0002	9	292	The	the	DET	DT	det	293	O
wn-0002	9	293	mission	mission	NOUN	NN	nsubj	295	O
wn-0002	9	294	has	have	AUX	VBZ	aux	295	O
wn-0002	9	295	met	meet	VERB	VBN	ROOT	295	O
wn-0002	9	296	all	all	DET	PDT	predet	299	O
wn-0002	9	297	its	its	PRON	PRP$	poss	299	O
wn-0002	9	298	major	major	ADJ	JJ	amod	299	O
wn-0002	9	299	objectives	objective	NOUN	NNS	dobj	295	O
wn-0002	9	300	.	.	PUNCT	.	punct	295	O
wn-0002	10	301	The	the	DET	DT	det	304	B-ORG
wn-0002	10	302	US	US	PROPN	NNP	compound	304	I-ORG
wn-0002	10	303	Air	Air	PROPN	NNP	compound	304	I-ORG
wn-0002	10	304	Force	Force	PROPN	NNP	nsubj	306	I-ORG
wn-0002	10	305	-	-	PUNCT	,	punct	306	O
wn-0002	10	306	was	be	AUX	VBD	ROOT	306	O
wn-0002	10	307	very	very	ADV	RB	advmod	310	O
wn-0002	10	308	,	,	PUNCT	,	punct	310	O
wn-0002	10	309	very	very	ADV	RB	advmod	310	O
wn-0002	10	310	happy	happy	ADJ	JJ	acomp	306	O
wn-0002	10	311	.	.	PUNCT	.	punct	306	O
wn-0002	11	312	""""	""""	PUNCT	``	ROOT	312	O
wn-0002	12	314	The	the	DET	DT	det	318	O
wn-0002	12	315	23	23	NUM	CD	nummod	317	B-CARDINAL
wn-0002	12	316	-	-	PUNCT	HYPH	punct	317	O
wn-0002	12	317	story	story	NOUN	NN	compound	318	O
wn-0002	12	318	rocket	rocket	NOUN	NN	nsubj	331	O
wn-0002	12	319	,	,	PUNCT	,	punct	318	O
wn-0002	12	320	a	a	DET	DT	det	324	O
wn-0002	12	321	heavy	heavy	ADJ	JJ	amod	323	O
wn-0002	12	322	-	-	PUNCT	HYPH	punct	323	O
wn-0002	12	323	lift	lift	NOUN	NN	compound	324	O
wn-0002	12	324	variant	variant	NOUN	NN	appos	318	O
wn-0002	12	325	of	of	ADP	IN	prep	324	O
wn-0002	12	326	the	the	DET	DT	det	329	O
wn-0002	12	327	Delta	Delta	PROPN	NNP	nmod	329	O
wn-0002	12	328	4	4	NUM	CD	nummod	327	O
wn-0002	12	329	family	family	NOUN	NN	pobj	325	O
wn-0002	12	330	,	,	PUNCT	,	punct	318	O
wn-0002	12	331	lifted	lift	VERB	VBD	ROOT	331	O
wn-0002	12	332	off	off	ADP	RP	prt	331	O
wn-0002	12	333	from	from	ADP	IN	prep	331	O
wn-0002	12	334	Cape	Cape	PROPN	NNP	compound	338	B-FAC
wn-0002	12	335	Canaveral	Canaveral	PROPN	NNP	compound	338	I-FAC
wn-0002	12	336	Air	Air	PROPN	NNP	compound	337	I-FAC
wn-0002	12	337	Force	Force	PROPN	NNP	compound	338	I-FAC
wn-0002	12	338	Station	Station	PROPN	NNP	pobj	333	I-FAC
wn-0002	12	339	in	in	ADP	IN	prep	338	O
wn-0002	12	340	Florida	Florida	PROPN	NNP	pobj	339	B-GPE
wn-0002	12	341	on	on	ADP	IN	prep	331	O
wn-0002	12	342	Dec.	Dec.	PROPN	NNP	pobj	341	B-DATE
wn-0002	12	343	21	21	NUM	CD	nummod	342	I-DATE
wn-0002	12	344	at	at	ADP	IN	prep	331	O
wn-0002	12	345	4:50	4:50	NUM	CD	nummod	346	B-TIME
wn-0002	12	346	p.m.	p.m.	NOUN	NN	pobj	344	I-TIME
wn-0002	12	347	(	(	PUNCT	-LRB-	punct	346	O
wn-0002	12	348	2150	2150	NUM	CD	nummod	349	B-CARDINAL
wn-0002	12	349	GMT	GMT	PROPN	NNP	appos	346	B-ORG
wn-0002	12	350	)	)	PUNCT	-RRB-	punct	346	O
wn-0002	12	351	.	.	PUNCT	.	punct	331	O
wn-0002	13	352	The	the	DET	DT	det	353	O
wn-0002	13	353	launch	launch	NOUN	NN	nsubjpass	355	O
wn-0002	13	354	was	be	AUX	VBD	auxpass	355	O
wn-0002	13	355	delayed	delay	VERB	VBN	ROOT	355	O
wn-0002	13	356	three	three	NUM	CD	nummod	357	B-CARDINAL
wn-0002	13	357	times	time	NOUN	NNS	npadvmod	355	O
wn-0002	13	358	in	in	ADP	IN	prep	355	O
wn-0002	13	359	December	December	PROPN	NNP	pobj	358	B-DATE
wn-0002	13	360	due	due	ADP	IN	prep	355	O
wn-0002	13	361	to	to	ADP	IN	pcomp	360	O
wn-0002	13	362	weather	weather	NOUN	NN	compound	363	O
wn-0002	13	363	problems	problem	NOUN	NNS	pobj	360	O
wn-0002	13	364	and	and	CCONJ	CC	cc	363	O
wn-0002	13	365	technical	technical	ADJ	JJ	amod	366	O
wn-0002	13	366	glitches	glitch	NOUN	NNS	conj	363	O
wn-0002	13	367	.	.	PUNCT	.	punct	355	O
wn-0002	14	369	The	the	DET	DT	det	372	O
wn-0002	14	370	Delta	Delta	PROPN	NNP	compound	372	B-SPACECRAFT
wn-0002	14	371	IV	IV	PROPN	NNP	compound	372	I-SPACECRAFT
wn-0002	14	372	Heavy	Heavy	PROPN	NNP	nsubjpass	374	I-SPACECRAFT
wn-0002	14	373	is	be	AUX	VBZ	auxpass	374	O
wn-0002	14	374	scheduled	schedule	VERB	VBN	ROOT	374	O
wn-0002	14	375	to	to	PART	TO	aux	376	O
wn-0002	14	376	carry	carry	VERB	VB	xcomp	374	O
wn-0002	14	377	the	the	DET	DT	det	385	O
wn-0002	14	378	final	final	ADJ	JJ	amod	385	O
wn-0002	14	379	Defense	Defense	PROPN	NNP	compound	380	B-ORG
wn-0002	14	380	Support	Support	PROPN	NNP	compound	381	I-ORG
wn-0002	14	381	Program	Program	PROPN	NNP	compound	382	I-ORG
wn-0002	14	382	missile	missile	NOUN	NN	compound	383	O
wn-0002	14	383	launch	launch	NOUN	NN	compound	384	O
wn-0002	14	384	detection	detection	NOUN	NN	compound	385	O
wn-0002	14	385	satellite	satellite	NOUN	NN	dobj	376	O
wn-0002	14	386	to	to	PART	TO	aux	387	O
wn-0002	14	387	orbit	orbit	VERB	VB	advcl	376	O
wn-0002	14	388	this	this	DET	DT	det	389	B-DATE
wn-0002	14	389	August	August	PROPN	NNP	npadvmod	387	I-DATE
wn-0002	14	390	.	.	PUNCT	.	punct	374	O
wn-0002	15	391	A	a	DET	DT	det	396	O
wn-0002	15	392	National	National	PROPN	NNP	compound	394	B-ORG
wn-0002	15	393	Reconnaissance	Reconnaissance	PROPN	NNP	compound	394	I-ORG
wn-0002	15	394	Office	Office	PROPN	NNP	nmod	396	I-ORG
wn-0002	15	395	classified	classify	VERB	VBN	amod	396	O
wn-0002	15	396	payload	payload	NOUN	NN	nsubjpass	398	O
wn-0002	15	397	is	be	AUX	VBZ	auxpass	398	O
wn-0002	15	398	set	set	VERB	VBN	ROOT	398	O
wn-0002	15	399	to	to	PART	TO	aux	400	O
wn-0002	15	400	be	be	AUX	VB	xcomp	398	O
wn-0002	15	401	aboard	aboard	ADP	IN	prep	400	O
wn-0002	15	402	the	the	DET	DT	det	405	O
wn-0002	15	403	second	second	ADJ	JJ	amod	405	B-ORDINAL
wn-0002	15	404	operational	operational	ADJ	JJ	amod	405	O
wn-0002	15	405	launch	launch	NOUN	NN	pobj	401	O
wn-0002	15	406	scheduled	schedule	VERB	VBN	acl	405	O
wn-0002	15	407	for	for	ADP	IN	prep	406	O
wn-0002	15	408	December	December	PROPN	NNP	pobj	407	B-DATE
wn-0002	15	409	2005	2005	NUM	CD	nummod	408	I-DATE
wn-0002	15	410	.	.	PUNCT	.	punct	398	O
wn-0003	0	0	The	the	DET	DT	det	3	O
wn-0003	0	1	Cassini	Cassini	PROPN	NNP	compound	3	B-SPACECRAFT
wn-0003	0	2	space	space	NOUN	NN	compound	3	O
wn-0003	0	3	probe	probe	NOUN	NN	nsubj	14	O
wn-0003	0	4	,	,	PUNCT	,	punct	3	O
wn-0003	0	5	currently	currently	ADV	RB	advmod	6	O
wn-0003	0	6	in	in	ADP	IN	prep	3	O
wn-0003	0	7	orbit	orbit	NOUN	NN	pobj	6	O
wn-0003	0	8	around	around	ADP	IN	prep	7	O
wn-0003	0	9	the	the	DET	DT	det	11	O
wn-0003	0	10	planet	planet	NOUN	NN	compound	11	O
wn-0003	0	11	Saturn	Saturn	PROPN	NNP	pobj	8	B-CELESTIAL
wn-0003	0	12	,	,	PUNCT	,	punct	3	O
wn-0003	0	13	has	have	AUX	VBZ	aux	14	O
wn-0003	0	14	returned	return	VERB	VBN	ROOT	14	O
wn-0003	0	15	extraordinary	extraordinary	ADJ	JJ	amod	16	O
wn-0003	0	16	pictures	picture	NOUN	NNS	dobj	14	O
wn-0003	0	17	from	from	ADP	IN	prep	16	O
wn-0003	0	18	the	the	DET	DT	det	21	O
wn-0003	0	19	Saturnian	saturnian	ADJ	JJ	amod	20	B-NORP
wn-0003	0	20	satellite	satellite	NOUN	NN	compound	21	O
wn-0003	0	21	Iapetus	Iapetus	PROPN	NNP	pobj	17	B-CELESTIAL
wn-0003	0	22	.	.	PUNCT	.	punct	14	O
wn-0003	1	24	It	it	PRON	PRP	nsubjpass	28	O
wn-0003	1	25	has	have	AUX	VBZ	aux	28	O
wn-0003	1	26	long	long	ADV	RB	advmod	28	O
wn-0003	1	27	been	be	AUX	VBN	auxpass	28	O
wn-0003	1	28	known	know	VERB	VBN	ROOT	28	O
wn-0003	1	29	to	to	ADP	IN	prep	28	O
wn-0003	1	30	astronomers	astronomer	NOUN	NNS	pobj	29	O
wn-0003	1	31	that	that	SCONJ	IN	mark	36	O
wn-0003	1	32	Iapetus	Iapetus	PROPN	NNP	poss	34	B-CELESTIAL
wn-0003	1	33	's	's	PART	POS	case	32	O
wn-0003	1	34	surface	surface	NOUN	NN	nsubjpass	36	O
wn-0003	1	35	is	be	AUX	VBZ	auxpass	36	O
wn-0003	1	36	divided	divide	VERB	VBN	acl	30	O
wn-0003	1	37	into	into	ADP	IN	prep	36	O
wn-0003	1	38	two	two	NUM	CD	nummod	39	B-CARDINAL
wn-0003	1	39	hemispheres	hemisphere	NOUN	NNS	pobj	37	O
wn-0003	1	40	,	,	PUNCT	,	punct	39	O
wn-0003	1	41	one	one	NUM	CD	nummod	42	B-CARDINAL
wn-0003	1	42	dark	dark	ADJ	JJ	appos	39	O
wn-0003	1	43	,	,	PUNCT	,	punct	42	O
wn-0003	1	44	one	one	NUM	CD	nummod	45	B-CARDINAL
wn-0003	1	45	light	light	NOUN	NN	appos	42	O
wn-0003	1	46	.	.	PUNCT	.	punct	28	O
wn-0003	2	47	Now	now	ADV	RB	advmod	65	O
wn-0003	2	48	a	a	DET	DT	det	50	O
wn-0003	2	49	narrow	narrow	ADJ	JJ	amod	50	O
wn-0003	2	50	ridge	ridge	NOUN	NN	nsubjpass	65	O
wn-0003	2	51	of	of	ADP	IN	prep	50	O
wn-0003	2	52	massive	massive	ADJ	JJ	amod	53	O
wn-0003	2	53	proportions	proportion	NOUN	NNS	pobj	51	O
wn-0003	2	54	,	,	PUNCT	,	punct	53	O
wn-0003	2	55	20	20	NUM	CD	nummod	56	B-QUANTITY
wn-0003	2	56	km	km	NOUN	NN	npadvmod	57	I-QUANTITY
wn-0003	2	57	high	high	ADJ	JJ	amod	53	O
wn-0003	2	58	and	and	CCONJ	CC	cc	50	O
wn-0003	2	59	1,300	1,300	NUM	CD	nummod	60	B-QUANTITY
wn-0003	2	60	km	km	NOUN	NNS	npadvmod	61	I-QUANTITY
wn-0003	2	61	long	long	ADV	RB	advmod	50	O
wn-0003	2	62	,	,	PUNCT	,	punct	65	O
wn-0003	2	63	has	have	AUX	VBZ	aux	65	O
wn-0003	2	64	been	be	AUX	VBN	auxpass	65	O
wn-0003	2	65	found	find	VERB	VBN	ROOT	65	O
wn-0003	2	66	around	around	ADP	IN	prep	65	O
wn-0003	2	67	the	the	DET	DT	det	68	O
wn-0003	2	68	equator	equator	NOUN	NN	pobj	66	O
wn-0003	2	69	of	of	ADP	IN	prep	68	O
wn-0003	2	70	the	the	DET	DT	det	71	O
wn-0003	2	71	moon	moon	NOUN	NN	pobj	69	O
wn-0003	2	72	.	.	PUNCT	.	punct	65	O
wn-0003	3	73	The	the	DET	DT	det	74	O
wn-0003	3	74	height	height	NOUN	NN	nsubj	75	O
wn-0003	3	75	rivals	rival	VERB	VBZ	ROOT	75	O
wn-0003	3	76	Olympus	Olympus	PROPN	NNP	compound	77	B-ORG
wn-0003	3	77	Mons	Mons	PROPN	NNPS	dobj	75	I-ORG
wn-0003	3	78	on	on	ADP	IN	prep	75	O
wn-0003	3	79	Mars--	mars--	NUM	CD	pobj	78	B-ORG
wn-0003	3	80	but	but	CCONJ	CC	cc	75	O
wn-0003	3	81	Mars	Mars	PROPN	NNP	nsubj	82	B-CELESTIAL
wn-0003	3	82	is	be	AUX	VBZ	conj	75	O
wn-0003	3	83	five	five	NUM	CD	npadvmod	85	B-CARDINAL
wn-0003	3	84	times	time	NOUN	NNS	quantmod	83	O
wn-0003	3	85	bigger	big	ADJ	JJR	acomp	82	O
wn-0003	3	86	than	than	ADP	IN	prep	85	O
wn-0003	3	87	Iapetus	Iapetus	PROPN	NNP	pobj	86	B-CELESTIAL
wn-0003	3	88	.	.	PUNCT	.	punct	82	O
wn-0003	4	90	The	the	DET	DT	det	91	O
wn-0003	4	91	origin	origin	NOUN	NN	nsubj	95	O
wn-0003	4	92	of	of	ADP	IN	prep	91	O
wn-0003	4	93	this	this	DET	DT	det	94	O
wn-0003	4	94	feature	feature	NOUN	NN	pobj	92	O
wn-0003	4	95	is	be	AUX	VBZ	ROOT	95	O
wn-0003	4	96	currently	currently	ADV	RB	advmod	95	O
wn-0003	4	97	unknown	unknown	ADJ	JJ	acomp	95	O
wn-0003	4	98	.	.	PUNCT	.	punct	95	O
wn-0003	5	99	Cassini	Cassini	PROPN	NNP	nsubj	102	B-SPACECRAFT
wn-0003	5	100	will	will	AUX	MD	aux	102	O
wn-0003	5	101	next	next	ADV	RB	advmod	102	O
wn-0003	5	102	fly	fly	VERB	VB	ROOT	102	O
wn-0003	5	103	by	by	ADP	IN	prep	102	O
wn-0003	5	104	Iapetus	Iapetus	PROPN	NNP	pobj	103	B-CELESTIAL
wn-0003	5	105	in	in	ADP	IN	prep	102	O
wn-0003	5	106	September	September	PROPN	NNP	pobj	105	B-DATE
wn-0003	5	107	2007	2007	NUM	CD	nummod	106	I-DATE
wn-0003	5	108	.	.	PUNCT	.	punct	102	O
wn-0003	6	109	The	the	DET	DT	det	110	O
wn-0003	6	110	images	image	NOUN	NNS	nsubj	116	O
wn-0003	6	111	returned	return	VERB	VBD	acl	110	O
wn-0003	6	112	from	from	ADP	IN	prep	111	O
wn-0003	6	113	that	that	DET	DT	det	114	O
wn-0003	6	114	pass	pass	NOUN	NN	pobj	112	O
wn-0003	6	115	will	will	AUX	MD	aux	116	O
wn-0003	6	116	have	have	VERB	VB	ROOT	116	O
wn-0003	6	117	over	over	ADP	IN	quantmod	118	O
wn-0003	6	118	100	100	NUM	CD	nummod	121	B-CARDINAL
wn-0003	6	119	times	time	NOUN	NNS	quantmod	118	O
wn-0003	6	120	greater	great	ADJ	JJR	amod	121	O
wn-0003	6	121	resolution	resolution	NOUN	NN	dobj	116	O
wn-0003	6	122	than	than	ADP	IN	prep	121	O
wn-0003	6	123	the	the	DET	DT	det	125	O
wn-0003	6	124	current	current	ADJ	JJ	amod	125	O
wn-0003	6	125	ones	one	NOUN	NNS	pobj	122	O
wn-0003	6	126	,	,	PUNCT	,	punct	116	O
wn-0003	6	127	and	and	CCONJ	CC	cc	116	O
wn-0003	6	128	scientists	scientist	NOUN	NNS	nsubj	129	O
wn-0003	6	129	hope	hope	VERB	VBP	conj	116	O
wn-0003	6	130	they	they	PRON	PRP	nsubj	132	O
wn-0003	6	131	will	will	AUX	MD	aux	132	O
wn-0003	6	132	help	help	VERB	VB	ccomp	129	O
wn-0003	6	133	unravel	unravel	VERB	VB	xcomp	132	O
wn-0003	6	134	the	the	DET	DT	det	135	O
wn-0003	6	135	mystery	mystery	NOUN	NN	dobj	133	O
wn-0003	6	136	.	.	PUNCT	.	punct	129	O
wn-0003	7	138	Iapetus	Iapetus	PROPN	NNP	nsubj	146	B-CELESTIAL
wn-0003	7	139	,	,	PUNCT	,	punct	138	O
wn-0003	7	140	Saturn	Saturn	PROPN	NNP	poss	144	B-CELESTIAL
wn-0003	7	141	's	's	PART	POS	case	140	O
wn-0003	7	142	third	third	ADV	RB	advmod	143	B-ORDINAL
wn-0003	7	143	largest	large	ADJ	JJS	amod	144	O
wn-0003	7	144	moon	moon	NOUN	NN	appos	138	O
wn-0003	7	145	,	,	PUNCT	,	punct	138	O
wn-0003	7	146	has	have	VERB	VBZ	ROOT	146	O
wn-0003	7	147	a	a	DET	DT	det	148	O
wn-0003	7	148	diameter	diameter	NOUN	NN	dobj	146	O
wn-0003	7	149	of	of	ADP	IN	prep	148	O
wn-0003	7	150	about	about	ADP	IN	advmod	151	B-QUANTITY
wn-0003	7	151	1,436	1,436	NUM	CD	nummod	152	I-QUANTITY
wn-0003	7	152	km	km	NOUN	NNS	pobj	149	I-QUANTITY
wn-0003	7	153	(	(	PUNCT	-LRB-	punct	152	O
wn-0003	7	154	892	892	NUM	CD	nummod	155	B-QUANTITY
wn-0003	7	155	miles	mile	NOUN	NNS	appos	152	I-QUANTITY
wn-0003	7	156	)	)	PUNCT	-RRB-	punct	152	O
wn-0003	7	157	.	.	PUNCT	.	punct	146	O
wn-0003	8	158	Jean	jean	ADJ	JJ	amod	160	B-PERSON
wn-0003	8	159	-	-	PUNCT	HYPH	punct	160	I-PERSON
wn-0003	8	160	Dominque	Dominque	PROPN	NNP	compound	161	I-PERSON
wn-0003	8	161	Cassini	Cassini	PROPN	NNP	nsubj	162	B-SPACECRAFT
wn-0003	8	162	discovered	discover	VERB	VBD	ccomp	169	O
wn-0003	8	163	the	the	DET	DT	det	164	O
wn-0003	8	164	moon	moon	NOUN	NN	dobj	162	O
wn-0003	8	165	in	in	ADP	IN	prep	162	O
wn-0003	8	166	1672	1672	NUM	CD	pobj	165	B-DATE
wn-0003	8	167	;	;	PUNCT	:	punct	169	O
wn-0003	8	168	it	it	PRON	PRP	nsubj	169	O
wn-0003	8	169	was	be	AUX	VBD	ROOT	169	O
wn-0003	8	170	also	also	ADV	RB	advmod	169	O
wn-0003	8	171	Cassini	Cassini	PROPN	NNP	attr	169	B-SPACECRAFT
wn-0003	8	172	who	who	PRON	WP	nsubj	173	O
wn-0003	8	173	determined	determine	VERB	VBD	relcl	171	O
wn-0003	8	174	the	the	DET	DT	det	176	O
wn-0003	8	175	color	color	NOUN	NN	compound	176	O
wn-0003	8	176	difference	difference	NOUN	NN	dobj	173	O
wn-0003	8	177	on	on	ADP	IN	prep	176	O
wn-0003	8	178	Iapetus	Iapetus	PROPN	NNP	pobj	177	B-CELESTIAL
wn-0003	8	179	.	.	PUNCT	.	punct	169	O
wn-0003	9	181	The	the	DET	DT	det	185	O
wn-0003	9	182	Cassini	Cassini	PROPN	NNP	compound	184	B-SPACECRAFT
wn-0003	9	183	-	-	PUNCT	HYPH	punct	184	I-SPACECRAFT
wn-0003	9	184	Huygens	Huygens	PROPN	NNP	compound	185	I-SPACECRAFT
wn-0003	9	185	mission	mission	NOUN	NN	nsubj	199	O
wn-0003	9	186	,	,	PUNCT	,	punct	185	O
wn-0003	9	187	named	name	VERB	VBN	acl	185	O
wn-0003	9	188	after	after	ADP	IN	prep	187	O
wn-0003	9	189	Giovanni	Giovanni	PROPN	NNP	compound	191	B-PERSON
wn-0003	9	190	Domenico	Domenico	PROPN	NNP	compound	191	I-PERSON
wn-0003	9	191	Cassini	Cassini	PROPN	NNP	pobj	188	B-SPACECRAFT
wn-0003	9	192	(	(	PUNCT	-LRB-	punct	191	O
wn-0003	9	193	Jean	Jean	PROPN	NNP	compound	195	B-ORG
wn-0003	9	194	-	-	PUNCT	HYPH	punct	195	I-ORG
wn-0003	9	195	Dominque	Dominque	PROPN	NNP	compound	196	I-ORG
wn-0003	9	196	Cassini	Cassini	PROPN	NNP	appos	191	B-SPACECRAFT
wn-0003	9	197	)	)	PUNCT	-RRB-	punct	191	O
wn-0003	9	198	,	,	PUNCT	,	punct	185	O
wn-0003	9	199	is	be	AUX	VBZ	ROOT	199	O
wn-0003	9	200	a	a	DET	DT	det	202	O
wn-0003	9	201	collaborative	collaborative	ADJ	JJ	amod	202	O
wn-0003	9	202	project	project	NOUN	NN	attr	199	O
wn-0003	9	203	with	with	ADP	IN	prep	202	O
wn-0003	9	204	the	the	DET	DT	det	207	O
wn-0003	9	205	European	European	PROPN	NNP	compound	207	B-ORG
wn-0003	9	206	Space	Space	PROPN	NNP	compound	207	I-ORG
wn-0003	9	207	Agency	Agency	PROPN	NNP	pobj	203	I-ORG
wn-0003	9	208	,	,	PUNCT	,	punct	207	O
wn-0003	9	209	the	the	DET	DT	det	212	B-ORG
wn-0003	9	210	Italian	Italian	PROPN	NNP	compound	212	I-ORG
wn-0003	9	211	Space	Space	PROPN	NNP	compound	212	I-ORG
wn-0003	9	212	Agency	Agency	PROPN	NNP	appos	207	I-ORG
wn-0003	9	213	,	,	PUNCT	,	punct	212	O
wn-0003	9	214	and	and	CCONJ	CC	cc	212	O
wn-0003	9	215	NASA	NASA	PROPN	NNP	conj	212	B-ORG
wn-0003	9	216	.	.	PUNCT	.	punct	199	O
wn-0004	0	0	A	a	DET	DT	det	1	O
wn-0004	0	1	spacecraft	spacecraft	NOUN	NN	nsubjpass	13	O
wn-0004	0	2	designed	design	VERB	VBN	acl	1	O
wn-0004	0	3	to	to	PART	TO	aux	4	O
wn-0004	0	4	chase	chase	VERB	VB	xcomp	2	O
wn-0004	0	5	a	a	DET	DT	det	6	O
wn-0004	0	6	comet	comet	NOUN	NN	dobj	4	O
wn-0004	0	7	and	and	CCONJ	CC	cc	6	O
wn-0004	0	8	crash	crash	NOUN	NN	conj	6	O
wn-0004	0	9	onto	onto	ADP	IN	prep	4	O
wn-0004	0	10	its	its	PRON	PRP$	poss	11	O
wn-0004	0	11	surface	surface	NOUN	NN	pobj	9	O
wn-0004	0	12	is	be	AUX	VBZ	auxpass	13	O
wn-0004	0	13	scheduled	schedule	VERB	VBN	ROOT	13	O
wn-0004	0	14	for	for	ADP	IN	prep	13	O
wn-0004	0	15	a	a	DET	DT	det	16	O
wn-0004	0	16	launch	launch	NOUN	NN	pobj	14	O
wn-0004	0	17	on	on	ADP	IN	prep	16	O
wn-0004	0	18	January	January	PROPN	NNP	pobj	17	B-DATE
wn-0004	0	19	12	12	NUM	CD	nummod	18	I-DATE
wn-0004	0	20	,	,	PUNCT	,	punct	18	I-DATE
wn-0004	0	21	2005	2005	NUM	CD	appos	18	I-DATE
wn-0004	0	22	and	and	CCONJ	CC	cc	18	O
wn-0004	0	23	1:48	1:48	NUM	CD	nummod	24	B-TIME
wn-0004	0	24	p.m.	p.m.	NOUN	NN	conj	18	I-TIME
wn-0004	0	25	EST	EST	PROPN	NNP	appos	24	I-TIME
wn-0004	0	26	.	.	PUNCT	.	punct	13	O
wn-0004	1	27	In	in	ADP	IN	prep	38	O
wn-0004	1	28	early	early	ADJ	JJ	amod	29	B-DATE
wn-0004	1	29	July	July	PROPN	NNP	pobj	27	I-DATE
wn-0004	1	30	the	the	DET	DT	det	31	O
wn-0004	1	31	probe	probe	NOUN	NN	nsubj	38	O
wn-0004	1	32	,	,	PUNCT	,	punct	31	O
wn-0004	1	33	named	name	VERB	VBN	acl	31	O
wn-0004	1	34	Deep	Deep	PROPN	NNP	compound	35	B-SPACECRAFT
wn-0004	1	35	Impact	Impact	PROPN	NNP	oprd	33	I-SPACECRAFT
wn-0004	1	36	,	,	PUNCT	,	punct	31	O
wn-0004	1	37	will	will	AUX	MD	aux	38	O
wn-0004	1	38	approach	approach	VERB	VB	ROOT	38	O
wn-0004	1	39	Comet	Comet	PROPN	NNP	compound	40	O
wn-0004	1	40	Tempel	Tempel	PROPN	NNP	dobj	38	B-CELESTIAL
wn-0004	1	41	1	1	NUM	CD	nummod	40	I-CELESTIAL
wn-0004	1	42	to	to	PART	TO	aux	43	O
wn-0004	1	43	take	take	VERB	VB	xcomp	38	O
wn-0004	1	44	a	a	DET	DT	det	45	O
wn-0004	1	45	number	number	NOUN	NN	dobj	43	O
wn-0004	1	46	of	of	ADP	IN	prep	45	O
wn-0004	1	47	measurements	measurement	NOUN	NNS	pobj	46	O
wn-0004	1	48	and	and	CCONJ	CC	cc	47	O
wn-0004	1	49	photographs	photograph	NOUN	NNS	conj	47	O
wn-0004	1	50	.	.	PUNCT	.	punct	38	O
wn-0004	2	51	The	the	DET	DT	det	52	O
wn-0004	2	52	probe	probe	NOUN	NN	nsubj	55	O
wn-0004	2	53	will	will	AUX	MD	aux	55	O
wn-0004	2	54	then	then	ADV	RB	advmod	55	O
wn-0004	2	55	split	split	VERB	VB	ROOT	55	O
wn-0004	2	56	in	in	ADP	IN	prep	55	O
wn-0004	2	57	two	two	NUM	CD	pobj	56	B-CARDINAL
wn-0004	2	58	,	,	PUNCT	,	punct	55	O
wn-0004	2	59	with	with	ADP	IN	prep	55	O
wn-0004	2	60	one	one	NUM	CD	nummod	61	B-CARDINAL
wn-0004	2	61	part	part	NOUN	NN	pobj	59	O
wn-0004	2	62	&	&	CCONJ	CC	cc	61	O
wn-0004	2	63	amp;mdash	amp;mdash	PUNCT	''	conj	61	O
wn-0004	2	64	;	;	PUNCT	:	punct	55	O
wn-0004	2	65	containing	contain	VERB	VBG	advcl	55	O
wn-0004	2	66	an	an	DET	DT	det	71	O
wn-0004	2	67	820	820	NUM	CD	nummod	69	B-QUANTITY
wn-0004	2	68	-	-	PUNCT	HYPH	punct	69	I-QUANTITY
wn-0004	2	69	pound	pound	NOUN	NN	compound	71	I-QUANTITY
wn-0004	2	70	copper	copper	NOUN	NN	compound	71	O
wn-0004	2	71	weight	weight	NOUN	NN	dobj	65	O
wn-0004	2	72	&	&	CCONJ	CC	cc	71	O
wn-0004	2	73	amp;mdash	amp;mdash	PROPN	NNP	conj	71	O
wn-0004	2	74	;	;	PUNCT	:	punct	65	O
wn-0004	2	75	propelling	propel	VERB	VBG	conj	65	O
wn-0004	2	76	itself	itself	PRON	PRP	dobj	75	O
wn-0004	2	77	towards	towards	ADP	IN	prep	75	O
wn-0004	2	78	the	the	DET	DT	det	79	O
wn-0004	2	79	path	path	NOUN	NN	pobj	77	O
wn-0004	2	80	of	of	ADP	IN	prep	79	O
wn-0004	2	81	the	the	DET	DT	det	82	O
wn-0004	2	82	comet	comet	NOUN	NN	pobj	80	O
wn-0004	2	83	.	.	PUNCT	.	punct	55	O
wn-0004	3	84	Twenty	twenty	NUM	CD	compound	86	B-TIME
wn-0004	3	85	-	-	PUNCT	HYPH	punct	86	I-TIME
wn-0004	3	86	four	four	NUM	CD	nummod	87	I-TIME
wn-0004	3	87	hours	hour	NOUN	NNS	npadvmod	93	I-TIME
wn-0004	3	88	after	after	ADP	IN	prep	87	O
wn-0004	3	89	separation	separation	NOUN	NN	pobj	88	O
wn-0004	3	90	the	the	DET	DT	det	91	O
wn-0004	3	91	comet	comet	NOUN	NN	nsubj	93	O
wn-0004	3	92	will	will	AUX	MD	aux	93	O
wn-0004	3	93	crash	crash	VERB	VB	ROOT	93	O
wn-0004	3	94	into	into	ADP	IN	prep	93	O
wn-0004	3	95	the	the	DET	DT	det	99	O
wn-0004	3	96	slower	slow	ADV	RBR	advmod	98	O
wn-0004	3	97	-	-	PUNCT	HYPH	punct	98	O
wn-0004	3	98	moving	move	VERB	VBG	amod	99	O
wn-0004	3	99	impactor	impactor	NOUN	NN	pobj	94	O
wn-0004	3	100	,	,	PUNCT	,	punct	93	O
wn-0004	3	101	creating	create	VERB	VBG	advcl	93	O
wn-0004	3	102	a	a	DET	DT	det	103	O
wn-0004	3	103	crater	crater	NOUN	NN	dobj	101	O
wn-0004	3	104	100	100	NUM	CD	nummod	105	B-QUANTITY
wn-0004	3	105	meters	meter	NOUN	NNS	npadvmod	106	I-QUANTITY
wn-0004	3	106	wide	wide	ADJ	JJ	amod	103	O
wn-0004	3	107	.	.	PUNCT	.	punct	93	O
wn-0004	4	109	Astronomers	astronomer	NOUN	NNS	nsubj	110	O
wn-0004	4	110	know	know	VERB	VBP	ROOT	110	O
wn-0004	4	111	little	little	ADJ	JJ	dobj	110	O
wn-0004	4	112	of	of	ADP	IN	prep	111	O
wn-0004	4	113	the	the	DET	DT	det	114	O
wn-0004	4	114	nuclei	nucleus	NOUN	NNS	pobj	112	O
wn-0004	4	115	of	of	ADP	IN	prep	114	O
wn-0004	4	116	comets	comet	NOUN	NNS	pobj	115	O
wn-0004	4	117	,	,	PUNCT	,	punct	110	O
wn-0004	4	118	and	and	CCONJ	CC	cc	110	O
wn-0004	4	119	this	this	DET	DT	det	120	O
wn-0004	4	120	mission	mission	NOUN	NN	nsubjpass	122	O
wn-0004	4	121	was	be	AUX	VBD	auxpass	122	O
wn-0004	4	122	designed	design	VERB	VBN	conj	110	O
wn-0004	4	123	to	to	PART	TO	aux	124	O
wn-0004	4	124	determine	determine	VERB	VB	xcomp	122	O
wn-0004	4	125	the	the	DET	DT	det	128	O
wn-0004	4	126	make	make	VERB	VB	compound	128	O
wn-0004	4	127	-	-	PUNCT	HYPH	punct	128	O
wn-0004	4	128	up	up	NOUN	NN	dobj	124	O
wn-0004	4	129	of	of	ADP	IN	prep	128	O
wn-0004	4	130	comets	comet	NOUN	NNS	poss	132	O
wn-0004	4	131	'	'	PART	POS	case	130	O
wn-0004	4	132	cores	core	NOUN	NNS	pobj	129	O
wn-0004	4	133	.	.	PUNCT	.	punct	122	O
wn-0004	5	134	The	the	DET	DT	det	135	O
wn-0004	5	135	event	event	NOUN	NN	nsubjpass	138	O
wn-0004	5	136	will	will	AUX	MD	aux	138	O
wn-0004	5	137	be	be	AUX	VB	auxpass	138	O
wn-0004	5	138	watched	watch	VERB	VBN	ccomp	144	O
wn-0004	5	139	by	by	ADP	IN	agent	138	O
wn-0004	5	140	many	many	ADJ	JJ	amod	141	O
wn-0004	5	141	instruments	instrument	NOUN	NNS	pobj	139	O
wn-0004	5	142	:	:	PUNCT	:	punct	144	O
wn-0004	5	143	there	there	PRON	EX	expl	144	O
wn-0004	5	144	are	be	VERB	VBP	ccomp	165	O
wn-0004	5	145	two	two	NUM	CD	nummod	146	B-CARDINAL
wn-0004	5	146	cameras	camera	NOUN	NNS	attr	144	O
wn-0004	5	147	on	on	ADP	IN	prep	144	O
wn-0004	5	148	the	the	DET	DT	det	149	O
wn-0004	5	149	part	part	NOUN	NN	pobj	147	O
wn-0004	5	150	of	of	ADP	IN	prep	149	O
wn-0004	5	151	the	the	DET	DT	det	152	O
wn-0004	5	152	probe	probe	NOUN	NN	pobj	150	O
wn-0004	5	153	that	that	PRON	WDT	nsubjpass	157	O
wn-0004	5	154	is	be	AUX	VBZ	aux	157	O
wn-0004	5	155	not	not	PART	RB	neg	157	O
wn-0004	5	156	getting	getting	AUX	VBG	auxpass	157	O
wn-0004	5	157	destroyed	destroy	VERB	VBN	relcl	152	O
wn-0004	5	158	,	,	PUNCT	,	punct	165	O
wn-0004	5	159	a	a	DET	DT	det	160	O
wn-0004	5	160	camera	camera	NOUN	NN	nsubj	165	O
wn-0004	5	161	on	on	ADP	IN	prep	160	O
wn-0004	5	162	the	the	DET	DT	det	163	O
wn-0004	5	163	impactor	impactor	NOUN	NN	pobj	161	O
wn-0004	5	164	will	will	AUX	MD	aux	165	O
wn-0004	5	165	broadcast	broadcast	VERB	VB	ROOT	165	O
wn-0004	5	166	almost	almost	ADV	RB	advmod	167	O
wn-0004	5	167	until	until	ADP	IN	prep	165	O
wn-0004	5	168	the	the	DET	DT	det	169	O
wn-0004	5	169	crash	crash	NOUN	NN	pobj	167	O
wn-0004	5	170	,	,	PUNCT	,	punct	165	O
wn-0004	5	171	and	and	CCONJ	CC	cc	165	O
wn-0004	5	172	telescopes	telescope	NOUN	NNS	nsubjpass	178	O
wn-0004	5	173	around	around	ADP	IN	prep	172	O
wn-0004	5	174	Earth	Earth	PROPN	NNP	pobj	173	B-CELESTIAL
wn-0004	5	175	will	will	AUX	MD	aux	178	O
wn-0004	5	176	also	also	ADV	RB	advmod	178	O
wn-0004	5	177	be	be	AUX	VB	auxpass	178	O
wn-0004	5	178	aimed	aim	VERB	VBN	conj	165	O
wn-0004	5	179	at	at	ADP	IN	prep	178	O
wn-0004	5	180	the	the	DET	DT	det	181	O
wn-0004	5	181	point	point	NOUN	NN	pobj	179	O
wn-0004	5	182	of	of	ADP	IN	prep	181	O
wn-0004	5	183	the	the	DET	DT	det	184	O
wn-0004	5	184	impact	impact	NOUN	NN	pobj	182	O
wn-0004	5	185	.	.	PUNCT	.	punct	178	O
wn-0004	6	186	Scientists	scientist	NOUN	NNS	nsubj	187	O
wn-0004	6	187	hope	hope	VERB	VBP	ROOT	187	O
wn-0004	6	188	that	that	SCONJ	IN	mark	199	O
wn-0004	6	189	by	by	ADP	IN	prep	199	O
wn-0004	6	190	studying	study	VERB	VBG	pcomp	189	O
wn-0004	6	191	the	the	DET	DT	det	192	O
wn-0004	6	192	depth	depth	NOUN	NN	dobj	190	O
wn-0004	6	193	of	of	ADP	IN	prep	192	O
wn-0004	6	194	the	the	DET	DT	det	195	O
wn-0004	6	195	crater	crater	NOUN	NN	pobj	193	O
wn-0004	6	196	and	and	CCONJ	CC	cc	189	O
wn-0004	6	197	the	the	DET	DT	det	198	O
wn-0004	6	198	material	material	NOUN	NN	nsubj	199	O
wn-0004	6	199	ejected	eject	VERB	VBD	advcl	208	O
wn-0004	6	200	from	from	ADP	IN	prep	199	O
wn-0004	6	201	the	the	DET	DT	det	202	O
wn-0004	6	202	comet	comet	NOUN	NN	pobj	200	O
wn-0004	6	203	in	in	ADP	IN	prep	199	O
wn-0004	6	204	the	the	DET	DT	det	205	O
wn-0004	6	205	crash	crash	NOUN	NN	pobj	203	O
wn-0004	6	206	they	they	PRON	PRP	nsubj	208	O
wn-0004	6	207	will	will	AUX	MD	aux	208	O
wn-0004	6	208	get	get	VERB	VB	ccomp	187	O
wn-0004	6	209	a	a	DET	DT	det	211	O
wn-0004	6	210	better	well	ADJ	JJR	amod	211	O
wn-0004	6	211	idea	idea	NOUN	NN	dobj	208	O
wn-0004	6	212	of	of	ADP	IN	prep	211	O
wn-0004	6	213	the	the	DET	DT	det	214	O
wn-0004	6	214	core	core	NOUN	NN	poss	216	O
wn-0004	6	215	's	's	PART	POS	case	214	O
wn-0004	6	216	composition	composition	NOUN	NN	pobj	212	O
wn-0004	6	217	.	.	PUNCT	.	punct	187	O
wn-0004	7	219	The	the	DET	DT	det	220	O
wn-0004	7	220	probe	probe	NOUN	NN	nsubjpass	222	O
wn-0004	7	221	is	be	AUX	VBZ	auxpass	222	O
wn-0004	7	222	named	name	VERB	VBN	ROOT	222	O
wn-0004	7	223	Deep	Deep	PROPN	NNP	compound	224	B-SPACECRAFT
wn-0004	7	224	Impact	Impact	PROPN	NNP	oprd	222	I-SPACECRAFT
wn-0004	7	225	after	after	ADP	IN	prep	222	O
wn-0004	7	226	a	a	DET	DT	det	228	O
wn-0004	7	227	Hollywood	Hollywood	PROPN	NNP	compound	228	B-GPE
wn-0004	7	228	movie	movie	NOUN	NN	pobj	225	O
wn-0004	7	229	of	of	ADP	IN	prep	228	O
wn-0004	7	230	the	the	DET	DT	det	232	O
wn-0004	7	231	same	same	ADJ	JJ	amod	232	O
wn-0004	7	232	title	title	NOUN	NN	pobj	229	O
wn-0004	7	233	.	.	PUNCT	.	punct	222	O
wn-0004	8	234	In	in	ADP	IN	prep	240	O
wn-0004	8	235	the	the	DET	DT	det	236	O
wn-0004	8	236	movie	movie	NOUN	NN	pobj	234	O
wn-0004	8	237	a	a	DET	DT	det	238	O
wn-0004	8	238	comet	comet	NOUN	NN	nsubjpass	240	O
wn-0004	8	239	is	be	AUX	VBZ	auxpass	240	O
wn-0004	8	240	bombarded	bombard	VERB	VBN	ROOT	240	O
wn-0004	8	241	with	with	ADP	IN	prep	240	O
wn-0004	8	242	warheads	warhead	NOUN	NNS	pobj	241	O
wn-0004	8	243	in	in	ADP	IN	prep	240	O
wn-0004	8	244	order	order	NOUN	NN	pobj	243	O
wn-0004	8	245	to	to	PART	TO	aux	246	O
wn-0004	8	246	steer	steer	VERB	VB	acl	244	O
wn-0004	8	247	it	it	PRON	PRP	dobj	246	O
wn-0004	8	248	off	off	ADP	RP	prep	246	O
wn-0004	8	249	a	a	DET	DT	det	251	O
wn-0004	8	250	collision	collision	NOUN	NN	compound	251	O
wn-0004	8	251	course	course	NOUN	NN	pobj	248	O
wn-0004	8	252	with	with	ADP	IN	prep	246	O
wn-0004	8	253	Earth	Earth	PROPN	NNP	pobj	252	B-CELESTIAL
wn-0004	8	254	.	.	PUNCT	.	punct	240	O
wn-0004	9	255	Unlike	unlike	ADP	IN	prep	266	O
wn-0004	9	256	the	the	DET	DT	det	257	O
wn-0004	9	257	movie	movie	NOUN	NN	pobj	255	O
wn-0004	9	258	,	,	PUNCT	,	punct	266	O
wn-0004	9	259	however	however	ADV	RB	advmod	266	O
wn-0004	9	260	,	,	PUNCT	,	punct	266	O
wn-0004	9	261	the	the	DET	DT	det	262	O
wn-0004	9	262	goal	goal	NOUN	NN	nsubj	266	O
wn-0004	9	263	of	of	ADP	IN	prep	262	O
wn-0004	9	264	this	this	DET	DT	det	265	O
wn-0004	9	265	mission	mission	NOUN	NN	pobj	263	O
wn-0004	9	266	is	be	AUX	VBZ	ROOT	266	O
wn-0004	9	267	not	not	PART	RB	neg	266	O
wn-0004	9	268	to	to	PART	TO	aux	269	O
wn-0004	9	269	destroy	destroy	VERB	VB	xcomp	266	O
wn-0004	9	270	the	the	DET	DT	det	271	O
wn-0004	9	271	comet	comet	NOUN	NN	dobj	269	O
wn-0004	9	272	.	.	PUNCT	.	punct	266	O
wn-0004	10	273	Indeed	indeed	ADV	RB	advmod	278	O
wn-0004	10	274	,	,	PUNCT	,	punct	278	O
wn-0004	10	275	probe	probe	PROPN	NNP	poss	277	O
wn-0004	10	276	's	's	PART	POS	case	275	O
wn-0004	10	277	size	size	NOUN	NN	nsubj	278	O
wn-0004	10	278	makes	make	VERB	VBZ	ccomp	294	O
wn-0004	10	279	it	it	PRON	PRP	nsubj	281	O
wn-0004	10	280	very	very	ADV	RB	advmod	281	O
wn-0004	10	281	unlikely	unlikely	ADJ	JJ	ccomp	278	O
wn-0004	10	282	that	that	SCONJ	IN	mark	286	O
wn-0004	10	283	the	the	DET	DT	det	284	O
wn-0004	10	284	comet	comet	NOUN	NN	nsubj	286	O
wn-0004	10	285	will	will	AUX	MD	aux	286	O
wn-0004	10	286	suffer	suffer	VERB	VB	ccomp	281	O
wn-0004	10	287	more	more	ADJ	JJR	dobj	286	O
wn-0004	10	288	than	than	ADP	IN	prep	287	O
wn-0004	10	289	a	a	DET	DT	det	290	O
wn-0004	10	290	crater	crater	NOUN	NN	pobj	288	O
wn-0004	10	291	:	:	PUNCT	:	punct	294	O
wn-0004	10	292	the	the	DET	DT	det	293	O
wn-0004	10	293	comet	comet	NOUN	NN	nsubj	294	O
wn-0004	10	294	is	be	AUX	VBZ	ROOT	294	O
wn-0004	10	295	3.7	3.7	NUM	CD	nummod	296	B-QUANTITY
wn-0004	10	296	miles	mile	NOUN	NNS	npadvmod	297	I-QUANTITY
wn-0004	10	297	wide	wide	ADJ	JJ	acomp	294	O
wn-0004	10	298	while	while	SCONJ	IN	mark	301	O
wn-0004	10	299	the	the	DET	DT	det	300	O
wn-0004	10	300	probe	probe	NOUN	NN	nsubj	301	O
wn-0004	10	301	is	be	AUX	VBZ	advcl	294	O
wn-0004	10	302	about	about	ADP	IN	prep	301	O
wn-0004	10	303	the	the	DET	DT	det	304	O
wn-0004	10	304	size	size	NOUN	NN	pobj	302	O
wn-0004	10	305	of	of	ADP	IN	prep	304	O
wn-0004	10	306	a	a	DET	DT	det	308	O
wn-0004	10	307	washing	washing	NOUN	NN	compound	308	O
wn-0004	10	308	machine	machine	NOUN	NN	pobj	305	O
wn-0004	10	309	.	.	PUNCT	.	punct	294	O
wn-0004	11	311	The	the	DET	DT	det	312	O
wn-0004	11	312	probe	probe	NOUN	NN	nsubjpass	315	O
wn-0004	11	313	will	will	AUX	MD	aux	315	O
wn-0004	11	314	be	be	AUX	VB	auxpass	315	O
wn-0004	11	315	launched	launch	VERB	VBN	ROOT	315	O
wn-0004	11	316	aboard	aboard	ADP	IN	prep	315	O
wn-0004	11	317	a	a	DET	DT	det	320	O
wn-0004	11	318	Delta	Delta	PROPN	NNP	compound	319	B-SPACECRAFT
wn-0004	11	319	II	II	PROPN	NNP	compound	320	I-SPACECRAFT
wn-0004	11	320	rocket	rocket	NOUN	NN	pobj	316	O
wn-0004	11	321	from	from	ADP	IN	prep	315	O
wn-0004	11	322	Cape	Cape	PROPN	NNP	compound	323	B-FAC
wn-0004	11	323	Canaveral	Canaveral	PROPN	NNP	pobj	321	I-FAC
wn-0004	11	324	in	in	ADP	IN	prep	315	O
wn-0004	11	325	Florida	Florida	PROPN	NNP	pobj	324	B-GPE
wn-0004	11	326	.	.	PUNCT	.	punct	315	O
